ID,EMPRESA,SETOR,USO_AGUA,AREA,AREA_RESERVA,CO2_EMIT_DIR,CO2_EMIT_INDIR,CO2_REC,INSUMO_QUIMICO_LEG,INSUMO_QUIMICO_ORG,BIODIVERSIDADE,RESIDUO_REC,RESIDUO_COMP,RESIDUO_DESC,ENERGIA_REN,INDICE_SUSTENTABILIDADE
0,EMPRESA00014,MILHO,7.51,27068.11,2.1,3.15,9.15,4.96,1.44,7.54,11.46,26.83,16.35,16.89,20.78,0.43
1,EMPRESA00155,CANA_ACUCAR,9.91,24368.29,7.96,5.35,3.03,9.3,5.75,6.48,9.94,24.65,36.51,5.28,55.11,0.64
2,EMPRESA00296,SOJA,9.67,12911.3,9.51,6.96,7.79,4.23,3.52,1.2,18.74,33.73,20.88,17.89,59.7,0.67
3,EMPRESA00199,CANA_ACUCAR,9.56,4674.27,8.84,6.98,4.81,11.75,5.6,4.75,6.0,34.03,21.19,15.49,51.2,0.64
4,EMPRESA00311,CANA_ACUCAR,7.19,19480.39,4.2,9.47,5.46,9.65,7.09,7.18,9.96,35.1,16.24,18.02,15.38,0.52
5,EMPRESA00460,CANA_ACUCAR,6.52,10940.76,4.98,6.98,9.25,14.15,4.56,3.91,18.34,15.87,37.05,15.29,6.32,0.6
6,EMPRESA00484,SOJA,6.98,13837.39,7.57,9.36,8.75,3.45,2.23,2.36,9.36,15.56,23.39,15.39,71.63,0.54
7,EMPRESA00288,MILHO,4.13,2894.49,7.06,7.34,4.13,12.31,4.28,5.52,8.21,13.5,22.97,19.15,59.0,0.57
8,EMPRESA00442,MILHO,4.3,16411.09,9.12,9.0,3.07,14.69,3.22,8.74,6.81,29.64,26.73,9.07,96.85,0.73
9,EMPRESA00388,MILHO,5.54,19032.85,5.51,5.46,8.39,11.78,4.97,9.55,11.6,19.97,25.4,19.9,39.6,0.59
10,EMPRESA00307,TRIGO,5.74,26233.88,7.22,3.72,8.37,14.2,5.79,8.46,4.4,19.08,39.91,18.05,79.18,0.69
11,EMPRESA00362,SOJA,5.88,9937.87,9.48,9.75,9.25,9.81,9.73,2.74,19.6,10.59,20.83,18.85,30.93,0.63
12,EMPRESA00420,CANA_ACUCAR,4.39,19007.21,9.28,2.35,3.81,4.5,1.14,1.69,14.96,35.93,38.54,10.3,34.13,0.63
13,EMPRESA00496,SOJA,8.97,5805.47,6.58,7.67,6.47,14.07,5.42,1.04,14.23,13.21,20.99,11.89,78.91,0.65
14,EMPRESA00331,MILHO,5.55,13944.49,9.86,2.77,2.84,14.18,3.47,4.09,6.1,13.55,28.2,6.43,52.2,0.58
15,EMPRESA00349,CANA_ACUCAR,5.62,3750.87,2.91,2.34,8.52,6.69,4.42,8.69,13.36,38.66,26.54,8.86,78.32,0.62
16,EMPRESA00231,CANA_ACUCAR,9.36,10177.04,7.02,5.75,5.59,10.32,7.7,4.52,16.55,28.52,16.87,17.89,30.95,0.61
17,EMPRESA00474,CANA_ACUCAR,7.39,948.41,2.72,3.5,8.6,7.88,7.68,4.73,5.4,26.86,12.25,12.29,48.82,0.45
18,EMPRESA00448,TRIGO,6.5,21796.28,8.13,2.95,6.93,14.95,1.73,5.1,19.98,25.03,34.41,12.06,13.9,0.68
19,EMPRESA00000,SOJA,6.23,13481.78,1.38,4.17,8.67,12.94,4.62,3.57,6.47,22.02,13.29,15.22,65.26,0.49
20,EMPRESA00218,CANA_ACUCAR,9.9,9939.83,5.57,7.73,7.07,5.26,5.3,3.7,7.24,14.7,25.74,16.74,45.43,0.49
21,EMPRESA00187,TRIGO,8.76,22312.06,5.11,2.42,6.16,5.36,7.94,6.79,2.77,34.37,32.5,13.69,88.35,0.61
22,EMPRESA00465,CANA_ACUCAR,4.35,27281.31,5.81,7.73,7.78,5.99,6.03,9.77,4.31,31.47,25.2,11.55,83.01,0.59
23,EMPRESA00338,SOJA,8.36,27418.12,5.16,6.67,8.92,3.86,2.01,1.8,13.39,28.23,24.32,12.71,54.13,0.55
24,EMPRESA00262,SOJA,8.68,130.5,3.24,6.13,6.88,3.2,3.07,4.71,9.21,15.72,24.45,17.0,84.3,0.5
25,EMPRESA00494,TRIGO,5.25,6136.09,5.64,4.59,8.07,12.28,3.73,4.36,19.08,16.39,32.01,17.07,45.86,0.64
26,EMPRESA00078,MILHO,2.88,27367.54,4.04,5.18,5.67,9.34,4.12,7.17,3.37,36.01,35.21,15.49,42.69,0.55
27,EMPRESA00200,SOJA,5.46,20729.59,4.66,6.03,3.14,7.81,7.21,4.59,15.66,12.84,12.19,11.69,23.74,0.44
28,EMPRESA00244,TRIGO,7.48,21043.46,5.53,7.52,5.77,5.2,6.73,5.82,5.04,12.81,35.96,15.39,24.55,0.47
29,EMPRESA00298,MILHO,6.86,18279.94,4.3,6.56,4.5,3.46,3.54,7.22,10.59,25.66,37.56,10.19,51.48,0.54
30,EMPRESA00422,TRIGO,9.63,18947.92,7.87,3.42,3.49,8.86,3.68,2.51,1.86,39.47,18.35,13.75,83.98,0.61
31,EMPRESA00052,TRIGO,8.43,12394.55,9.37,9.51,5.41,5.83,1.84,2.05,11.94,23.76,17.24,6.85,82.78,0.61
32,EMPRESA00235,CANA_ACUCAR,6.07,627.99,8.29,3.85,4.77,14.79,1.79,3.93,12.04,10.0,25.3,5.64,76.04,0.63
33,EMPRESA00262,TRIGO,7.67,28673.32,5.07,2.42,7.13,8.81,4.31,3.34,18.11,35.24,10.53,5.17,62.89,0.6
34,EMPRESA00051,TRIGO,7.09,7758.19,4.45,6.01,3.07,9.77,1.64,2.1,16.44,20.96,12.71,14.37,85.25,0.58
35,EMPRESA00176,TRIGO,8.09,14213.25,5.66,9.67,2.58,2.07,9.91,7.4,11.98,26.05,16.36,7.2,7.91,0.44
36,EMPRESA00442,SOJA,5.74,21582.48,6.75,7.95,8.71,12.8,9.79,9.86,15.87,39.21,10.87,12.52,15.71,0.63
37,EMPRESA00281,SOJA,5.04,1044.88,5.81,8.29,3.79,12.46,4.45,9.56,7.18,32.37,36.97,5.3,24.29,0.6
38,EMPRESA00383,CANA_ACUCAR,6.05,19879.27,8.91,4.24,4.69,10.3,4.5,3.75,10.77,18.89,16.3,8.76,96.18,0.64
39,EMPRESA00370,CANA_ACUCAR,9.04,26310.69,5.2,5.62,7.98,4.85,9.91,3.38,11.18,33.59,26.43,13.13,41.37,0.57
40,EMPRESA00495,TRIGO,9.08,4801.5,1.23,9.65,6.3,7.21,4.99,3.63,13.49,20.36,12.29,17.38,33.4,0.45
41,EMPRESA00234,SOJA,5.54,26177.87,4.48,5.12,7.77,11.03,8.51,2.7,15.68,12.95,24.55,10.8,63.87,0.59
42,EMPRESA00212,TRIGO,6.97,3888.26,2.21,3.21,5.96,6.65,6.98,7.79,8.42,37.55,15.31,12.79,98.39,0.58
43,EMPRESA00216,CANA_ACUCAR,8.06,26966.97,3.48,4.82,9.43,8.71,4.94,7.48,5.97,36.56,28.14,15.67,82.63,0.62
44,EMPRESA00199,TRIGO,8.59,17178.32,8.75,9.02,4.98,14.11,9.31,6.44,14.63,25.66,16.86,15.15,30.71,0.66
45,EMPRESA00422,SOJA,8.93,29124.43,3.58,6.87,6.37,12.22,2.05,5.23,3.53,31.29,13.42,9.58,8.33,0.43
46,EMPRESA00429,TRIGO,9.97,10644.07,3.45,7.78,4.57,11.67,8.73,4.41,5.34,26.51,19.33,9.22,57.97,0.54
47,EMPRESA00099,SOJA,9.38,2207.89,7.09,6.56,4.1,11.18,8.17,9.87,13.23,39.96,25.77,16.81,20.82,0.66
48,EMPRESA00140,MILHO,7.7,7440.66,9.64,6.17,2.35,10.94,2.61,1.44,16.26,33.54,20.93,9.03,68.83,0.7
49,EMPRESA00328,TRIGO,7.98,14086.88,1.57,9.06,5.98,2.33,9.94,3.08,6.12,23.09,37.11,13.62,26.36,0.44
50,EMPRESA00097,SOJA,7.65,1333.34,5.17,4.4,4.74,4.42,5.99,7.27,1.3,24.31,27.92,5.08,9.03,0.39
51,EMPRESA00170,SOJA,8.44,24945.48,4.24,3.65,7.17,13.2,6.69,3.89,1.98,12.85,33.21,9.84,18.79,0.46
52,EMPRESA00067,CANA_ACUCAR,4.44,28697.47,1.01,3.4,6.34,4.86,6.11,9.28,19.09,10.22,23.49,10.37,46.29,0.45
53,EMPRESA00208,CANA_ACUCAR,5.13,25196.4,6.71,6.77,6.91,8.67,1.31,6.43,9.72,25.83,36.59,12.51,6.77,0.54
54,EMPRESA00360,CANA_ACUCAR,5.91,27566.55,8.61,8.3,6.67,10.63,1.07,9.68,11.6,37.54,34.33,12.93,5.07,0.65
55,EMPRESA00120,TRIGO,7.82,2410.58,4.31,9.66,2.48,9.07,6.04,9.7,5.87,17.33,36.78,16.63,60.09,0.57
56,EMPRESA00049,MILHO,7.58,6075.4,1.29,7.37,3.69,10.55,4.91,3.11,8.94,21.7,36.04,14.57,47.11,0.53
57,EMPRESA00060,SOJA,9.85,7419.48,2.42,7.04,4.42,13.74,5.08,6.05,1.43,21.17,13.29,11.65,82.19,0.51
58,EMPRESA00247,TRIGO,5.55,20021.91,8.19,3.94,5.52,11.98,2.63,8.72,3.56,27.9,34.19,10.76,28.79,0.58
59,EMPRESA00221,MILHO,6.84,23040.72,5.42,9.74,5.03,9.71,6.38,3.92,1.69,17.04,24.16,10.37,52.15,0.49
60,EMPRESA00297,CANA_ACUCAR,4.22,9961.15,8.63,7.13,4.72,13.39,9.81,6.23,5.27,27.15,15.21,8.51,19.21,0.55
61,EMPRESA00008,TRIGO,7.89,13435.76,9.79,7.23,5.43,8.72,3.23,8.97,15.95,34.71,34.39,5.39,37.09,0.7
62,EMPRESA00076,TRIGO,7.06,26243.89,9.37,5.29,6.11,12.89,5.34,7.05,18.99,31.97,28.88,6.66,19.62,0.7
63,EMPRESA00156,TRIGO,9.86,22096.59,4.83,6.59,8.88,13.7,9.57,6.24,4.04,28.2,31.14,7.62,77.73,0.66
64,EMPRESA00276,CANA_ACUCAR,8.3,8370.17,1.34,4.62,7.93,7.41,1.6,9.87,6.77,29.43,10.7,7.67,91.0,0.5
65,EMPRESA00031,TRIGO,8.1,16561.71,7.61,6.45,8.71,8.05,9.25,5.3,3.95,19.37,29.03,19.32,9.98,0.51
66,EMPRESA00208,CANA_ACUCAR,6.7,20013.75,8.3,6.11,7.73,9.94,1.53,6.07,2.88,14.53,20.3,9.02,64.79,0.53
67,EMPRESA00291,MILHO,4.82,15926.73,1.41,5.13,8.52,3.19,6.24,8.44,7.47,39.67,14.26,12.9,71.67,0.5
68,EMPRESA00316,TRIGO,9.87,21519.08,5.97,2.47,7.62,5.81,9.15,2.63,16.82,24.33,22.05,6.17,38.0,0.55
69,EMPRESA00366,SOJA,8.58,28344.46,4.39,3.43,4.65,14.39,6.87,8.0,16.75,22.51,35.15,9.74,21.53,0.63
70,EMPRESA00000,TRIGO,8.14,29516.25,2.22,4.39,7.01,3.56,7.48,7.31,14.05,14.52,18.19,15.4,17.3,0.4
71,EMPRESA00133,SOJA,8.09,20962.2,6.87,2.27,7.61,8.13,2.92,4.83,3.18,19.24,37.61,15.23,25.21,0.51
72,EMPRESA00307,MILHO,6.79,4024.0,1.47,7.41,2.19,11.93,1.69,2.51,11.63,34.53,20.61,13.43,32.07,0.51
73,EMPRESA00403,CANA_ACUCAR,6.09,24713.87,7.18,5.34,6.82,4.45,9.54,3.85,1.2,36.2,17.48,8.61,76.19,0.55
74,EMPRESA00432,CANA_ACUCAR,9.33,20924.87,6.31,5.33,5.85,10.79,1.9,1.78,10.48,22.86,20.4,18.82,14.22,0.51
75,EMPRESA00242,CANA_ACUCAR,4.79,810.34,4.8,8.23,5.72,8.61,2.5,3.45,5.18,12.75,22.9,16.11,98.0,0.54
76,EMPRESA00215,CANA_ACUCAR,8.95,25774.09,3.88,4.76,9.85,8.98,1.13,1.53,16.3,38.36,36.45,15.5,76.18,0.7
77,EMPRESA00448,MILHO,7.74,4704.39,3.93,5.82,6.05,10.02,4.76,5.3,8.09,12.04,11.99,13.09,74.03,0.49
78,EMPRESA00022,MILHO,8.56,1224.79,5.57,1.18,2.42,13.7,1.2,8.53,6.57,11.92,28.96,12.9,50.25,0.53
79,EMPRESA00419,SOJA,9.6,467.63,2.89,8.74,3.1,3.21,2.14,4.65,17.12,17.66,36.34,8.58,23.64,0.49
80,EMPRESA00076,CANA_ACUCAR,5.68,8356.68,7.81,6.04,4.2,10.63,1.03,9.97,17.78,32.75,35.14,15.9,51.95,0.73
81,EMPRESA00332,MILHO,9.65,17699.79,2.22,5.91,9.71,8.61,7.24,2.12,3.07,16.23,22.74,17.75,55.47,0.46
82,EMPRESA00188,TRIGO,6.93,24749.92,4.99,6.79,2.28,10.23,4.9,5.65,19.2,24.02,26.48,7.96,49.68,0.62
83,EMPRESA00430,TRIGO,9.72,2079.42,4.44,9.81,8.88,5.62,6.71,3.54,18.05,39.55,20.29,10.23,17.75,0.58
84,EMPRESA00135,SOJA,7.99,23947.5,9.25,7.94,6.21,4.83,9.56,6.63,17.01,22.15,37.21,17.98,62.58,0.71
85,EMPRESA00499,SOJA,4.67,21537.75,5.34,8.83,5.84,11.5,9.96,8.13,8.56,30.85,32.15,10.38,92.19,0.71
86,EMPRESA00159,TRIGO,8.71,13189.45,1.97,8.45,5.26,4.36,5.22,4.25,1.79,12.77,27.74,14.37,99.99,0.48
87,EMPRESA00057,TRIGO,9.41,16496.55,7.72,7.27,2.05,7.56,6.19,7.8,7.95,20.71,10.66,13.21,81.68,0.57
88,EMPRESA00084,TRIGO,9.42,1049.72,6.98,3.62,6.52,5.99,8.94,2.71,6.2,26.74,37.83,7.98,37.19,0.56
89,EMPRESA00104,MILHO,2.33,19758.63,9.76,1.03,8.35,3.28,4.57,6.14,15.19,20.96,28.71,11.89,91.24,0.65
90,EMPRESA00262,MILHO,9.11,15491.52,7.78,1.6,3.45,4.43,1.14,3.43,17.51,35.94,31.9,5.09,48.3,0.62
91,EMPRESA00224,MILHO,5.24,801.19,5.13,6.04,5.82,5.65,1.57,8.25,6.1,12.99,18.26,12.79,46.21,0.43
92,EMPRESA00199,CANA_ACUCAR,8.94,14012.62,3.28,5.37,6.3,10.59,3.49,6.44,8.53,26.78,13.87,7.8,53.57,0.5
93,EMPRESA00040,MILHO,2.8,26570.79,4.78,8.02,9.29,13.98,6.04,7.03,4.47,18.67,13.26,19.59,86.26,0.58
94,EMPRESA00414,TRIGO,6.55,25571.77,3.76,6.97,7.25,12.84,9.17,5.95,19.71,10.77,25.57,11.81,61.13,0.63
95,EMPRESA00105,MILHO,5.03,11623.6,5.0,6.38,3.24,5.68,9.72,8.06,10.11,36.04,24.92,14.41,74.91,0.62
96,EMPRESA00012,TRIGO,8.29,28054.55,3.07,4.94,3.55,13.44,3.56,6.03,1.9,10.69,19.44,5.91,92.83,0.5
97,EMPRESA00034,TRIGO,5.56,13228.98,5.3,6.76,2.67,7.86,7.37,2.81,16.82,18.23,18.99,10.41,34.8,0.52
98,EMPRESA00092,TRIGO,9.9,10083.16,9.53,9.67,5.89,9.61,5.71,1.84,14.69,30.46,30.82,8.32,20.71,0.65
99,EMPRESA00110,MILHO,6.3,5199.13,9.3,8.22,8.81,14.9,8.2,2.94,10.92,24.49,38.23,19.94,72.38,0.78
100,EMPRESA00177,SOJA,5.77,12029.66,2.08,6.83,9.27,13.83,6.38,3.2,5.35,18.95,19.42,9.26,85.5,0.55
101,EMPRESA00123,MILHO,8.91,21164.78,1.26,2.3,9.45,6.12,3.65,1.91,11.34,32.6,17.93,14.73,72.37,0.52
102,EMPRESA00383,CANA_ACUCAR,7.82,11146.9,6.27,7.27,7.04,13.27,5.32,1.89,17.67,16.23,34.84,14.79,16.74,0.62
103,EMPRESA00000,SOJA,5.23,27299.84,7.06,8.84,3.0,10.83,2.71,2.68,15.84,22.62,19.91,8.77,44.6,0.58
104,EMPRESA00174,SOJA,8.56,28997.77,2.35,9.55,7.99,7.07,3.3,9.38,9.9,27.81,22.29,5.48,20.34,0.47
105,EMPRESA00029,CANA_ACUCAR,7.87,19004.23,3.9,6.3,3.01,13.42,5.55,4.77,7.31,28.67,14.72,18.58,30.38,0.51
106,EMPRESA00107,TRIGO,9.29,16249.7,1.39,6.63,8.26,14.9,7.28,9.06,17.4,17.06,10.96,11.45,48.29,0.56
107,EMPRESA00485,TRIGO,9.33,12926.22,3.21,8.82,9.96,2.43,9.03,5.58,8.52,27.79,31.3,8.83,68.34,0.56
108,EMPRESA00119,SOJA,9.59,8153.25,5.56,6.41,6.46,5.84,5.36,2.59,14.38,36.49,20.97,7.57,6.32,0.52
109,EMPRESA00490,SOJA,5.16,10672.59,4.08,9.57,9.2,5.12,2.24,4.0,17.82,37.89,24.9,7.92,37.65,0.58
110,EMPRESA00491,TRIGO,8.91,11557.32,7.56,9.03,3.96,11.32,1.03,9.64,19.27,10.38,25.21,5.41,64.68,0.65
111,EMPRESA00128,SOJA,8.3,20511.38,7.95,9.34,5.49,5.1,4.0,8.8,12.53,31.23,13.44,9.12,41.62,0.56
112,EMPRESA00260,SOJA,6.86,26317.87,6.04,3.07,6.16,9.85,1.3,9.43,16.04,30.62,23.32,6.71,19.29,0.57
113,EMPRESA00142,CANA_ACUCAR,8.58,11223.75,8.55,6.01,8.17,3.11,2.76,6.69,10.35,21.21,26.81,11.81,39.53,0.55
114,EMPRESA00484,MILHO,7.02,8592.9,2.79,2.47,9.38,6.38,5.67,7.96,17.56,12.99,10.62,10.39,80.66,0.52
115,EMPRESA00262,TRIGO,6.58,9647.56,5.51,9.79,4.15,2.23,2.93,2.75,11.02,32.99,25.17,6.87,83.21,0.58
116,EMPRESA00143,CANA_ACUCAR,7.28,29181.74,5.66,5.28,8.04,4.34,8.82,4.53,9.14,30.39,17.22,12.67,66.14,0.55
117,EMPRESA00086,MILHO,2.67,10865.5,1.97,7.59,2.55,7.27,9.51,5.45,10.26,36.05,23.99,7.3,69.58,0.56
118,EMPRESA00186,SOJA,9.69,20269.47,6.44,2.82,4.25,6.14,5.79,2.07,15.6,34.8,14.09,19.16,20.51,0.53
119,EMPRESA00354,SOJA,7.5,9460.33,1.8,7.81,4.21,14.89,7.82,9.84,10.2,27.36,28.13,12.54,77.3,0.65
120,EMPRESA00366,TRIGO,8.15,7049.32,8.04,7.43,2.18,7.85,1.71,3.16,10.98,13.6,34.06,8.42,72.33,0.6
121,EMPRESA00196,CANA_ACUCAR,5.06,21953.11,2.23,4.12,3.19,13.06,3.14,3.16,14.48,22.9,10.51,9.52,53.38,0.5
122,EMPRESA00300,TRIGO,5.21,16250.04,6.2,6.42,7.53,6.94,3.64,1.15,14.9,31.48,27.69,5.51,25.22,0.55
123,EMPRESA00332,SOJA,5.46,12419.5,8.3,4.6,5.64,4.75,3.25,6.99,12.75,34.08,15.25,7.27,19.35,0.51
124,EMPRESA00092,CANA_ACUCAR,9.57,22200.5,1.79,8.43,6.92,14.89,8.67,1.14,15.98,31.4,16.87,5.47,57.42,0.61
125,EMPRESA00138,TRIGO,7.5,16925.16,2.1,6.83,7.5,11.14,2.24,4.93,14.64,30.71,39.88,9.72,69.58,0.67
126,EMPRESA00490,MILHO,7.44,1193.17,2.3,1.42,5.27,7.02,7.54,2.33,14.11,26.98,36.67,9.58,26.39,0.52
127,EMPRESA00475,MILHO,6.44,23664.46,6.71,2.25,8.88,10.79,3.79,5.48,6.5,10.27,13.37,5.66,78.59,0.51
128,EMPRESA00213,TRIGO,8.14,24837.48,7.66,8.52,8.4,11.82,8.56,6.47,19.69,19.09,22.83,5.61,65.58,0.7
129,EMPRESA00234,MILHO,2.71,15712.62,8.96,9.2,5.28,9.42,3.48,4.73,12.2,39.61,22.7,17.68,20.49,0.62
130,EMPRESA00452,TRIGO,6.18,14616.78,9.84,7.9,8.84,12.89,4.87,4.63,5.36,18.44,24.69,10.98,51.55,0.61
131,EMPRESA00368,TRIGO,9.36,28709.34,2.29,7.65,5.32,3.71,6.05,8.21,17.76,13.02,15.7,14.72,23.7,0.43
132,EMPRESA00272,CANA_ACUCAR,7.56,4478.33,4.05,6.13,3.21,8.8,4.3,3.04,17.34,39.79,28.13,5.08,10.78,0.56
133,EMPRESA00289,MILHO,7.09,20208.9,1.4,9.23,6.37,6.29,5.7,6.71,13.09,39.05,21.77,9.27,74.92,0.59
134,EMPRESA00052,MILHO,2.84,13264.31,7.66,1.15,4.35,5.82,4.01,4.99,5.39,32.14,33.21,6.48,49.73,0.54
135,EMPRESA00179,MILHO,3.54,18392.06,8.68,6.59,8.5,10.26,7.29,9.26,15.57,36.27,22.12,8.37,26.39,0.66
136,EMPRESA00266,CANA_ACUCAR,5.99,1404.06,5.51,8.27,6.87,10.28,6.62,4.81,1.18,16.32,26.87,17.49,81.25,0.56
137,EMPRESA00333,CANA_ACUCAR,5.13,6645.39,8.28,8.33,5.74,3.88,2.46,2.7,1.16,19.79,39.8,19.2,79.49,0.58
138,EMPRESA00024,SOJA,9.28,12460.22,4.31,4.12,5.3,5.42,7.63,4.86,12.66,17.46,38.69,6.5,90.35,0.62
139,EMPRESA00451,CANA_ACUCAR,8.53,22309.49,1.56,4.3,8.92,13.01,8.67,7.3,15.17,31.49,28.67,15.85,33.95,0.61
140,EMPRESA00470,CANA_ACUCAR,5.16,3335.87,8.17,7.53,8.75,7.32,2.84,2.22,1.53,11.93,35.48,11.29,34.91,0.49
141,EMPRESA00207,MILHO,4.36,17404.93,8.98,8.71,2.46,8.79,6.56,3.77,1.4,35.97,30.85,14.48,81.68,0.65
142,EMPRESA00385,CANA_ACUCAR,6.73,3032.22,6.09,6.46,7.2,9.72,8.45,4.95,19.44,23.33,27.21,16.45,23.41,0.62
143,EMPRESA00478,SOJA,9.44,14858.41,4.07,4.98,3.47,10.21,8.29,2.98,18.12,23.8,10.65,8.66,97.18,0.63
144,EMPRESA00087,CANA_ACUCAR,7.42,18033.19,8.85,2.1,4.32,14.78,5.71,7.35,14.57,13.55,28.75,14.21,20.33,0.62
145,EMPRESA00156,SOJA,6.48,18652.77,4.86,9.88,3.23,10.7,5.71,3.69,3.96,23.3,39.06,14.09,55.14,0.58
146,EMPRESA00253,SOJA,6.24,12684.44,3.73,2.5,6.47,7.39,8.51,2.03,6.82,33.81,10.03,18.82,23.23,0.44
147,EMPRESA00141,SOJA,8.93,8047.14,3.36,5.92,6.92,7.79,9.49,7.3,4.34,21.97,38.31,19.32,51.27,0.56
148,EMPRESA00365,SOJA,9.23,6950.62,6.41,8.99,9.85,6.34,2.57,1.74,6.42,39.76,35.02,11.25,91.1,0.69
149,EMPRESA00183,MILHO,3.92,25469.97,3.28,2.01,5.19,3.3,1.91,1.59,17.76,24.33,27.47,7.13,79.6,0.54
150,EMPRESA00464,TRIGO,6.85,4774.73,7.72,5.74,9.69,5.03,2.15,7.95,9.16,17.22,20.14,9.61,42.49,0.5
151,EMPRESA00009,CANA_ACUCAR,7.61,3925.62,2.34,7.37,9.49,8.43,2.15,4.36,12.41,26.69,30.56,6.84,53.92,0.55
152,EMPRESA00401,SOJA,8.04,10256.21,4.04,7.09,7.1,12.53,7.98,4.5,13.55,30.29,28.98,16.56,98.19,0.73
153,EMPRESA00314,CANA_ACUCAR,6.33,22190.71,6.93,8.41,9.98,14.47,9.42,5.12,16.24,22.71,35.3,16.1,15.51,0.68
154,EMPRESA00175,SOJA,5.8,2620.46,9.64,4.73,8.97,7.11,1.23,2.43,16.32,28.32,24.03,10.03,63.13,0.65
155,EMPRESA00177,CANA_ACUCAR,9.45,21913.7,4.4,9.32,5.21,11.14,3.43,2.27,7.67,39.07,13.38,8.08,25.06,0.51
156,EMPRESA00314,TRIGO,9.68,13153.72,9.13,8.98,6.27,9.75,9.95,6.82,8.61,10.91,17.85,9.31,32.09,0.54
157,EMPRESA00279,MILHO,9.19,12429.24,7.55,3.32,7.57,13.29,8.37,4.74,14.59,10.18,23.76,19.91,69.68,0.66
158,EMPRESA00428,CANA_ACUCAR,9.43,18271.44,4.85,5.96,6.28,8.1,8.54,6.85,13.07,16.62,32.06,15.99,73.84,0.62
159,EMPRESA00439,MILHO,3.32,14937.35,9.6,7.2,6.35,2.03,6.81,9.36,14.52,12.4,32.03,14.45,78.88,0.63
160,EMPRESA00023,MILHO,2.16,26531.26,5.06,7.0,3.37,2.87,5.95,9.97,17.81,28.37,27.82,12.81,50.2,0.58
161,EMPRESA00476,TRIGO,5.84,16102.55,3.3,5.25,3.28,4.68,7.82,9.96,17.21,37.21,18.16,9.27,63.24,0.59
162,EMPRESA00360,SOJA,6.18,23592.54,9.07,2.0,3.82,11.02,4.7,6.69,15.85,25.44,33.76,10.77,14.35,0.62
163,EMPRESA00215,MILHO,7.55,5866.58,4.02,6.55,5.58,8.01,4.09,1.15,3.71,28.48,32.96,8.51,70.68,0.55
164,EMPRESA00313,MILHO,7.6,15459.69,4.38,7.18,2.07,12.14,5.73,3.37,7.56,16.16,37.24,17.34,85.79,0.63
165,EMPRESA00128,TRIGO,5.79,22707.36,6.94,9.72,7.3,9.17,3.17,3.21,4.42,23.38,36.1,12.62,5.69,0.51
166,EMPRESA00294,MILHO,6.56,3166.19,5.09,5.3,3.25,12.8,8.66,6.53,17.26,30.55,25.4,18.8,20.59,0.63
167,EMPRESA00062,CANA_ACUCAR,6.31,23863.6,4.71,3.0,5.33,11.36,3.73,1.16,7.99,19.74,10.07,16.47,37.67,0.45
168,EMPRESA00432,MILHO,8.23,11729.52,1.42,6.3,7.61,9.05,4.84,2.83,7.69,24.46,22.89,19.37,79.51,0.54
169,EMPRESA00309,TRIGO,7.93,19264.78,7.38,2.74,5.12,11.71,5.8,3.12,2.67,25.29,14.69,10.33,8.65,0.45
170,EMPRESA00253,MILHO,7.4,23441.36,3.53,6.96,5.39,10.32,7.43,7.57,9.23,22.75,22.81,12.06,90.56,0.61
171,EMPRESA00489,SOJA,7.45,29665.04,8.52,2.64,6.42,4.56,3.27,5.85,19.9,12.99,33.69,17.99,97.39,0.69
172,EMPRESA00458,TRIGO,9.22,11828.86,3.39,8.94,6.86,9.94,8.03,6.88,11.21,30.07,16.13,12.49,54.72,0.58
173,EMPRESA00063,MILHO,7.97,2518.75,7.28,3.62,5.53,10.58,3.05,2.39,17.84,38.34,17.12,11.59,87.73,0.72
174,EMPRESA00116,CANA_ACUCAR,5.87,22752.68,8.29,6.71,5.91,8.05,8.67,3.37,18.91,32.77,36.78,7.34,50.71,0.72
175,EMPRESA00306,SOJA,7.67,22910.29,5.93,9.49,6.1,3.04,7.78,3.93,16.78,27.22,18.97,8.47,85.18,0.62
176,EMPRESA00317,TRIGO,8.09,29031.92,2.17,6.7,4.43,5.07,3.82,2.97,2.6,18.82,22.36,8.24,38.42,0.37
177,EMPRESA00082,SOJA,8.21,7694.73,8.52,6.73,3.68,7.97,7.78,1.24,12.34,21.74,35.83,16.94,69.88,0.67
178,EMPRESA00031,TRIGO,9.24,22311.34,9.82,7.15,4.65,5.73,9.01,1.19,14.61,11.49,24.08,14.15,65.34,0.61
179,EMPRESA00481,TRIGO,8.66,16614.23,7.01,6.35,4.18,6.36,7.12,5.5,14.78,36.6,28.32,17.72,90.74,0.72
180,EMPRESA00295,CANA_ACUCAR,6.55,6709.76,6.71,2.87,6.6,14.07,4.84,8.37,12.84,14.84,37.37,8.27,62.29,0.67
181,EMPRESA00465,SOJA,5.94,19684.68,6.05,9.13,7.0,10.09,4.1,8.18,6.5,31.58,16.18,6.52,30.06,0.52
182,EMPRESA00456,MILHO,2.93,18426.44,1.22,4.02,8.42,14.8,6.49,4.76,16.76,26.91,14.89,17.22,75.03,0.62
183,EMPRESA00485,SOJA,4.01,21519.79,6.0,8.94,8.31,4.32,8.8,8.0,11.17,27.67,17.74,14.69,31.71,0.52
184,EMPRESA00253,SOJA,7.36,19671.58,7.86,6.94,4.97,14.29,9.37,8.89,8.38,34.82,21.34,5.67,95.27,0.74
185,EMPRESA00225,SOJA,4.85,27164.58,7.52,5.87,5.9,14.43,3.33,9.24,10.29,10.42,29.02,10.7,15.73,0.55
186,EMPRESA00494,CANA_ACUCAR,7.08,7472.49,1.25,5.31,9.19,8.92,6.26,9.26,18.25,16.38,38.2,15.01,27.17,0.55
187,EMPRESA00302,MILHO,4.86,16979.66,3.52,7.89,2.54,3.09,1.54,1.93,8.35,15.56,24.55,9.92,48.56,0.41
188,EMPRESA00227,CANA_ACUCAR,8.73,8130.94,4.56,3.09,3.41,5.77,9.54,2.57,13.42,32.11,25.18,14.47,33.18,0.54
189,EMPRESA00488,MILHO,9.26,23208.51,9.62,4.97,6.9,11.32,9.73,6.73,15.98,37.47,33.4,5.04,72.04,0.8
190,EMPRESA00478,TRIGO,9.53,6536.14,5.95,2.06,3.44,5.03,3.33,7.41,8.7,13.86,12.14,8.53,34.36,0.4
191,EMPRESA00042,TRIGO,7.37,11688.08,4.18,5.6,4.07,7.18,2.66,4.87,4.78,39.15,25.51,6.16,93.55,0.59
192,EMPRESA00127,TRIGO,8.79,621.9,2.37,6.98,6.36,3.03,7.79,6.18,14.0,28.46,34.78,16.08,12.84,0.5
193,EMPRESA00209,SOJA,4.49,22450.41,1.81,9.13,7.23,5.11,7.27,9.73,15.38,16.69,21.74,13.64,84.21,0.56
194,EMPRESA00427,SOJA,8.1,16248.29,2.67,5.44,7.86,6.57,6.21,3.21,9.35,20.88,30.6,15.51,22.35,0.47
195,EMPRESA00401,TRIGO,6.26,7954.43,3.46,5.8,3.72,3.66,6.93,9.67,17.11,18.71,12.44,14.65,22.43,0.44
196,EMPRESA00488,MILHO,6.86,16065.95,3.42,3.64,2.39,10.2,8.06,6.07,5.69,17.03,25.14,11.8,32.25,0.46
197,EMPRESA00233,TRIGO,9.85,12519.36,7.55,4.48,6.22,10.01,2.61,9.46,9.17,13.32,24.76,13.22,47.62,0.56
198,EMPRESA00419,CANA_ACUCAR,8.79,29011.13,3.19,5.56,7.05,12.93,5.17,4.07,8.42,23.77,34.26,17.76,42.65,0.58
199,EMPRESA00085,MILHO,5.1,15259.27,1.04,9.87,4.36,10.91,5.09,6.63,5.89,12.57,33.8,17.37,54.14,0.5
200,EMPRESA00096,CANA_ACUCAR,4.03,25627.88,1.9,8.21,3.31,4.29,5.26,9.63,14.43,20.6,35.67,16.88,44.0,0.51
201,EMPRESA00474,TRIGO,8.79,722.64,6.73,5.73,6.88,8.49,9.06,2.1,18.11,15.4,33.44,13.4,7.99,0.57
202,EMPRESA00106,MILHO,3.63,4120.43,1.08,8.79,5.07,8.66,3.03,6.53,10.64,38.17,35.26,13.15,60.93,0.6
203,EMPRESA00373,TRIGO,8.61,27166.54,5.27,5.17,9.18,4.06,4.36,2.28,15.93,35.42,34.91,17.5,83.52,0.69
204,EMPRESA00131,MILHO,2.42,26590.02,3.21,4.31,4.91,3.44,1.19,4.66,8.0,24.4,22.28,15.34,37.65,0.41
205,EMPRESA00311,TRIGO,9.06,18781.25,7.26,4.31,4.83,4.27,9.49,2.0,4.03,29.82,36.5,8.78,94.48,0.63
206,EMPRESA00155,TRIGO,8.68,12995.94,3.27,3.57,7.44,6.29,1.13,3.28,7.07,32.49,36.86,18.32,38.67,0.53
207,EMPRESA00350,CANA_ACUCAR,8.21,21836.34,9.83,9.29,9.16,11.98,8.26,9.4,1.71,30.93,21.44,7.15,49.48,0.64
208,EMPRESA00381,TRIGO,8.6,8677.94,8.28,8.23,3.15,13.08,4.25,1.36,16.71,25.64,21.64,7.26,60.45,0.67
209,EMPRESA00091,TRIGO,7.04,27341.51,6.33,8.27,4.14,14.19,8.48,2.62,17.55,32.7,16.04,8.8,99.59,0.75
210,EMPRESA00473,MILHO,4.48,3706.61,4.76,5.19,4.64,5.59,3.33,1.39,2.74,18.29,21.5,16.32,51.68,0.42
211,EMPRESA00497,SOJA,6.96,16795.85,5.03,6.96,8.03,6.68,2.08,6.1,18.6,37.29,39.29,10.7,14.54,0.63
212,EMPRESA00273,TRIGO,6.26,26306.1,6.75,7.55,7.66,14.13,5.4,4.06,6.83,16.15,27.64,12.73,50.42,0.59
213,EMPRESA00427,SOJA,7.23,15776.92,3.41,2.99,9.92,4.65,6.02,5.44,17.62,36.08,35.27,11.95,91.53,0.69
214,EMPRESA00073,CANA_ACUCAR,5.73,9056.63,5.58,8.67,4.3,12.53,7.84,9.84,3.03,20.83,24.1,8.7,45.84,0.54
215,EMPRESA00243,CANA_ACUCAR,6.58,4655.6,4.44,7.4,3.21,13.25,1.14,7.6,11.05,10.71,13.28,7.38,24.19,0.45
216,EMPRESA00275,MILHO,2.0,20741.55,6.01,4.31,6.48,4.2,6.89,8.46,2.77,36.33,18.37,13.35,26.38,0.45
217,EMPRESA00169,MILHO,5.32,17135.15,8.85,1.62,6.37,3.78,2.09,5.05,5.13,35.81,14.52,5.79,57.29,0.51
218,EMPRESA00461,SOJA,9.81,26684.42,1.01,5.54,7.77,6.87,6.44,3.1,10.46,12.18,26.25,14.61,34.48,0.43
219,EMPRESA00417,TRIGO,8.95,10311.54,4.54,2.09,5.44,2.06,2.02,6.6,8.29,15.98,28.58,12.46,55.95,0.46
220,EMPRESA00275,SOJA,9.3,18778.09,3.64,3.98,4.47,12.0,6.98,7.04,16.43,33.59,19.13,15.05,73.28,0.67
221,EMPRESA00470,MILHO,9.23,28962.6,9.06,5.22,5.97,3.22,3.38,9.24,1.01,21.59,35.85,10.39,40.09,0.52
222,EMPRESA00199,TRIGO,9.63,54.6,5.85,2.46,9.66,12.1,4.8,3.29,10.63,28.81,24.98,10.63,63.11,0.63
223,EMPRESA00004,CANA_ACUCAR,7.43,26140.92,8.44,6.07,3.58,7.72,9.98,8.63,18.13,31.95,31.45,12.59,81.94,0.76
224,EMPRESA00039,SOJA,4.63,25711.04,5.3,9.2,6.33,13.49,5.44,9.09,17.41,37.42,39.92,14.7,73.99,0.8
225,EMPRESA00248,MILHO,2.35,26371.43,3.71,5.51,5.62,3.52,9.46,9.54,14.41,16.18,28.09,6.19,83.19,0.55
226,EMPRESA00022,CANA_ACUCAR,5.58,16218.13,9.43,4.96,9.14,5.52,7.93,5.84,19.27,20.18,30.64,5.55,35.23,0.64
227,EMPRESA00127,CANA_ACUCAR,7.61,25976.07,3.28,5.85,5.59,3.42,3.69,1.94,3.71,31.1,33.81,12.46,90.03,0.54
228,EMPRESA00157,SOJA,4.34,27259.79,7.06,6.0,5.8,7.62,3.63,4.52,18.04,37.55,34.41,7.59,37.35,0.66
229,EMPRESA00074,CANA_ACUCAR,6.31,17116.3,3.7,2.22,9.9,9.26,8.51,9.27,17.79,10.01,16.77,8.31,79.77,0.57
230,EMPRESA00024,SOJA,7.72,4800.03,5.92,4.57,7.63,5.72,5.19,3.95,7.6,36.71,17.25,5.81,13.8,0.47
231,EMPRESA00076,TRIGO,9.61,17984.06,1.99,5.09,9.47,7.07,9.9,9.27,1.47,38.92,37.73,13.47,20.25,0.52
232,EMPRESA00028,MILHO,8.49,5011.9,9.86,3.74,9.3,2.2,2.07,7.38,9.43,30.5,15.57,19.1,61.11,0.58
233,EMPRESA00225,TRIGO,9.09,2927.62,6.88,3.09,3.75,4.47,4.12,1.44,16.39,31.43,10.65,5.99,25.48,0.49
234,EMPRESA00309,TRIGO,5.77,19849.45,9.56,5.66,9.04,9.83,4.93,2.79,10.25,16.26,20.97,12.3,13.25,0.52
235,EMPRESA00214,CANA_ACUCAR,8.13,29140.2,3.66,5.43,9.66,10.14,6.17,7.08,11.78,36.56,25.59,17.38,5.21,0.55
236,EMPRESA00149,TRIGO,9.13,25098.76,1.19,5.89,7.36,7.34,8.02,5.86,18.54,21.84,32.45,15.04,98.11,0.66
237,EMPRESA00315,SOJA,6.64,25410.06,1.16,9.57,9.16,3.78,3.4,7.59,18.92,18.85,14.93,17.84,63.79,0.51
238,EMPRESA00207,MILHO,4.21,29525.31,5.9,1.72,3.24,10.85,7.72,4.94,14.17,39.06,20.61,18.16,26.81,0.6
239,EMPRESA00465,SOJA,9.17,10039.64,2.73,5.88,6.73,8.54,1.24,7.67,3.11,13.64,35.34,10.72,35.74,0.45
240,EMPRESA00411,TRIGO,8.29,14660.41,9.25,6.08,9.6,6.66,1.48,6.36,14.76,27.26,24.06,12.7,34.24,0.61
241,EMPRESA00466,CANA_ACUCAR,9.74,21459.98,9.7,3.99,4.78,7.88,8.73,7.24,5.96,27.48,32.32,11.5,9.62,0.57
242,EMPRESA00042,SOJA,6.54,1652.07,2.61,4.25,9.36,5.74,7.55,9.64,3.49,23.73,23.18,13.51,49.2,0.46
243,EMPRESA00336,MILHO,3.6,5130.96,9.84,3.97,4.69,14.34,6.07,8.35,1.15,13.87,26.79,10.35,33.76,0.54
244,EMPRESA00280,CANA_ACUCAR,7.76,22500.92,4.25,5.05,7.81,13.44,2.54,7.84,19.1,25.9,23.84,14.74,20.85,0.6
245,EMPRESA00106,MILHO,3.66,6825.29,8.62,3.7,5.91,14.41,8.08,5.57,3.52,29.03,27.18,15.78,70.15,0.66
246,EMPRESA00475,MILHO,9.15,4448.49,2.33,4.88,7.7,13.58,7.53,5.17,9.68,33.27,23.36,14.63,62.01,0.62
247,EMPRESA00348,SOJA,4.34,28775.64,8.4,6.66,6.74,6.18,9.05,4.41,15.87,15.31,18.03,14.5,80.58,0.62
248,EMPRESA00343,MILHO,6.12,7782.28,2.39,3.42,6.98,5.43,9.65,2.37,11.48,22.64,20.49,6.04,31.42,0.44
249,EMPRESA00261,TRIGO,7.61,8539.88,3.2,7.64,4.32,11.46,1.54,7.89,8.2,26.95,24.34,18.64,79.49,0.6
250,EMPRESA00418,TRIGO,8.45,4185.8,6.54,8.37,6.09,8.39,2.36,6.54,16.12,39.23,36.7,11.35,22.08,0.66
251,EMPRESA00465,TRIGO,9.35,9178.42,4.15,5.44,3.14,7.93,3.87,3.15,10.25,19.7,24.86,12.46,86.93,0.57
252,EMPRESA00303,SOJA,9.54,21245.24,7.31,4.54,9.57,8.25,7.13,8.49,6.85,38.78,38.23,12.89,22.41,0.63
253,EMPRESA00419,SOJA,9.98,8434.21,4.19,6.02,4.05,9.35,9.29,6.18,5.57,13.69,26.75,10.46,53.84,0.51
254,EMPRESA00031,MILHO,2.87,25713.06,4.47,3.28,2.99,3.69,1.44,2.04,9.23,12.64,33.85,9.04,41.26,0.42
255,EMPRESA00256,TRIGO,9.6,25822.61,2.05,3.05,7.81,9.3,3.51,8.81,11.46,13.12,26.52,14.43,40.02,0.49
256,EMPRESA00275,CANA_ACUCAR,5.19,29492.92,5.08,4.74,3.35,11.94,9.93,2.78,2.74,19.95,17.9,11.66,28.28,0.45
257,EMPRESA00354,MILHO,4.31,22498.54,1.62,6.11,6.88,9.98,4.94,9.68,5.51,10.03,35.63,14.12,72.87,0.52
258,EMPRESA00356,TRIGO,6.88,28326.3,6.29,7.07,3.17,10.89,5.52,5.39,11.18,19.81,34.18,16.89,96.4,0.69
259,EMPRESA00233,CANA_ACUCAR,4.84,23416.17,3.03,3.08,5.9,13.06,9.4,9.93,16.71,11.73,22.83,11.45,86.78,0.62
260,EMPRESA00442,MILHO,5.44,4773.62,1.85,1.58,6.69,7.26,1.28,5.02,9.61,17.27,39.64,19.06,65.92,0.53
261,EMPRESA00444,TRIGO,6.19,64.69,8.99,8.45,7.68,14.4,1.22,8.9,1.2,34.19,24.36,15.09,99.86,0.72
262,EMPRESA00377,CANA_ACUCAR,7.83,13826.43,1.7,8.1,8.14,3.01,2.52,8.0,10.47,23.2,39.62,10.62,18.29,0.46
263,EMPRESA00342,MILHO,4.81,18950.3,8.95,3.26,2.28,4.53,7.17,2.91,17.75,14.94,36.51,9.77,26.82,0.56
264,EMPRESA00131,MILHO,7.59,18099.87,6.18,3.3,7.62,2.75,6.75,8.94,6.19,23.92,15.14,16.69,93.85,0.54
265,EMPRESA00271,TRIGO,7.33,21091.66,1.11,3.53,8.11,9.69,9.38,1.42,2.39,24.7,28.93,12.17,29.4,0.44
266,EMPRESA00045,SOJA,5.03,15889.08,6.36,8.85,4.47,14.95,8.53,8.99,16.48,38.19,11.82,14.99,38.88,0.68
267,EMPRESA00448,TRIGO,8.14,9718.0,4.77,3.32,6.66,6.09,8.79,3.7,5.63,38.05,12.52,16.01,77.43,0.55
268,EMPRESA00012,TRIGO,8.26,24994.32,5.23,6.11,3.32,7.93,9.85,3.31,1.06,22.09,27.14,15.25,7.58,0.43
269,EMPRESA00347,CANA_ACUCAR,9.36,24041.48,9.9,2.53,6.08,8.89,5.38,9.91,10.84,30.74,29.59,10.4,50.92,0.68
270,EMPRESA00271,SOJA,7.9,26188.95,5.54,7.35,5.52,8.73,7.07,8.4,8.93,28.62,22.99,13.52,35.62,0.56
271,EMPRESA00104,CANA_ACUCAR,8.56,29717.82,2.82,4.97,3.5,11.8,9.62,1.05,5.95,26.89,18.11,9.8,62.38,0.51
272,EMPRESA00277,TRIGO,5.23,1944.89,2.31,7.89,2.22,3.3,8.26,1.59,5.59,33.26,13.27,6.31,53.57,0.41
273,EMPRESA00054,SOJA,5.68,2871.37,3.46,5.66,3.03,8.3,5.56,1.91,11.59,13.93,12.3,10.17,99.69,0.52
274,EMPRESA00032,CANA_ACUCAR,7.44,29233.71,2.12,6.55,3.16,3.82,5.39,2.66,5.12,17.06,27.96,7.84,61.93,0.42
275,EMPRESA00459,CANA_ACUCAR,5.79,18224.34,7.49,2.72,3.22,12.59,4.15,5.32,1.35,32.27,10.08,16.95,50.1,0.53
276,EMPRESA00400,SOJA,5.2,18276.61,7.49,5.6,3.7,10.61,8.29,3.33,13.82,30.57,11.03,10.37,84.85,0.65
277,EMPRESA00103,SOJA,5.5,20861.18,4.16,2.37,9.5,11.0,1.59,5.26,12.65,39.52,35.56,19.21,40.72,0.65
278,EMPRESA00214,CANA_ACUCAR,9.86,16376.73,5.62,8.54,8.66,14.79,9.6,3.94,14.49,19.28,18.82,15.41,67.35,0.67
279,EMPRESA00039,TRIGO,6.73,14268.81,6.67,2.23,8.34,13.38,2.13,9.08,19.82,18.05,19.55,10.28,90.77,0.7
280,EMPRESA00451,CANA_ACUCAR,5.37,10416.26,9.14,4.21,9.47,9.88,1.38,3.54,5.29,16.43,22.54,14.34,35.49,0.53
281,EMPRESA00063,CANA_ACUCAR,5.8,10794.45,1.84,8.97,6.95,7.02,8.39,4.29,9.41,28.31,22.02,10.74,39.39,0.48
282,EMPRESA00022,TRIGO,6.62,25832.45,9.94,5.95,7.49,13.39,1.95,4.58,16.76,15.08,23.97,11.69,74.22,0.7
283,EMPRESA00482,CANA_ACUCAR,9.55,21744.66,6.31,3.21,6.49,5.81,4.44,3.38,11.86,28.52,15.99,10.58,34.98,0.51
284,EMPRESA00394,TRIGO,5.57,24905.27,4.84,7.33,9.34,11.4,3.7,3.84,14.7,10.96,37.45,9.92,96.42,0.68
285,EMPRESA00253,CANA_ACUCAR,7.98,5110.54,2.01,3.62,4.45,14.64,8.4,8.97,17.68,25.23,33.76,12.55,12.74,0.59
286,EMPRESA00267,SOJA,4.98,11818.33,8.88,2.68,3.15,5.48,1.7,3.2,2.68,15.08,14.0,14.37,65.06,0.45
287,EMPRESA00244,SOJA,7.69,15230.36,2.48,6.26,8.74,6.67,7.19,6.66,15.13,35.83,27.05,16.55,10.41,0.54
288,EMPRESA00011,SOJA,9.6,29822.22,3.58,3.13,4.51,8.9,2.81,8.45,15.28,36.37,11.28,16.39,20.96,0.52
289,EMPRESA00419,CANA_ACUCAR,9.1,21556.57,9.37,3.52,5.68,11.19,4.96,9.51,10.99,30.0,29.89,18.21,41.26,0.69
290,EMPRESA00301,MILHO,2.88,19511.71,7.7,5.3,8.05,2.47,8.32,6.23,17.59,38.93,12.83,10.58,64.1,0.62
291,EMPRESA00373,CANA_ACUCAR,8.56,6313.16,9.43,7.72,5.48,11.08,1.79,3.42,12.88,28.51,32.86,15.58,48.62,0.7
292,EMPRESA00354,MILHO,4.53,14818.67,5.6,1.96,2.04,8.6,4.89,6.11,8.08,29.34,17.1,7.2,26.92,0.47
293,EMPRESA00169,TRIGO,5.63,9285.19,5.29,3.03,2.25,10.33,7.66,5.13,16.46,28.76,34.45,10.66,9.44,0.58
294,EMPRESA00177,CANA_ACUCAR,4.66,11441.02,6.51,9.93,3.79,4.11,4.59,7.87,19.99,21.55,31.02,9.97,19.9,0.56
295,EMPRESA00479,CANA_ACUCAR,9.44,4125.94,8.78,5.68,6.43,4.11,9.86,5.69,17.1,18.72,10.57,14.45,18.3,0.52
296,EMPRESA00314,SOJA,4.3,18970.67,6.03,3.12,8.42,5.35,6.76,6.37,14.78,16.21,26.48,16.49,79.35,0.6
297,EMPRESA00061,SOJA,4.95,13808.89,4.99,9.29,5.58,9.65,2.27,3.03,5.14,18.56,32.25,13.6,58.54,0.54
298,EMPRESA00138,MILHO,5.36,12025.23,5.83,1.57,2.56,2.84,9.64,1.88,14.49,38.46,15.15,5.66,88.11,0.59
299,EMPRESA00413,CANA_ACUCAR,5.39,24010.0,4.72,2.22,8.27,5.68,9.11,3.94,9.99,12.17,20.11,15.54,25.28,0.43
300,EMPRESA00335,CANA_ACUCAR,9.43,14327.29,2.38,5.4,7.56,4.01,6.78,1.28,6.48,31.56,38.72,18.58,17.62,0.47
301,EMPRESA00001,SOJA,5.63,4001.89,6.11,3.47,9.34,13.65,1.84,8.73,9.32,36.39,19.78,15.15,56.3,0.64
302,EMPRESA00052,SOJA,9.76,433.16,2.78,8.8,5.17,6.05,7.55,5.06,7.44,26.14,30.16,17.27,82.14,0.58
303,EMPRESA00238,TRIGO,5.71,5684.94,2.21,7.73,4.39,11.96,5.4,4.46,8.26,34.51,23.17,9.43,62.85,0.57
304,EMPRESA00135,MILHO,4.26,21342.74,6.0,6.66,6.99,8.77,5.96,8.68,5.61,10.09,21.47,8.14,67.32,0.51
305,EMPRESA00366,CANA_ACUCAR,4.35,9915.98,5.31,5.39,9.0,12.37,9.61,6.18,7.82,13.63,26.58,7.32,67.3,0.58
306,EMPRESA00263,MILHO,7.89,3641.26,9.06,1.93,3.32,8.51,1.72,3.01,18.08,10.82,23.46,10.3,69.74,0.61
307,EMPRESA00408,MILHO,9.46,20463.96,1.92,4.1,5.43,9.05,7.79,6.72,13.98,23.18,20.72,16.51,45.29,0.53
308,EMPRESA00165,TRIGO,5.38,21447.71,1.99,3.61,8.31,3.08,6.06,4.18,1.75,20.52,26.22,18.16,9.7,0.33
309,EMPRESA00340,MILHO,4.95,18693.52,3.08,9.57,3.21,14.84,9.18,8.43,7.15,28.81,19.17,13.57,72.05,0.61
310,EMPRESA00268,SOJA,9.39,15245.07,7.16,5.4,8.29,8.16,5.14,9.21,17.87,12.7,18.76,15.43,37.0,0.57
311,EMPRESA00154,SOJA,7.5,9110.06,3.24,7.15,8.79,8.84,2.14,4.55,4.4,38.17,11.23,12.85,67.17,0.52
312,EMPRESA00213,MILHO,7.05,21716.25,7.73,2.35,8.15,14.79,5.07,7.01,10.1,37.99,16.38,9.22,35.3,0.63
313,EMPRESA00169,SOJA,4.69,1586.08,5.33,9.51,7.04,12.77,4.25,9.53,19.94,28.66,16.59,9.58,54.07,0.66
314,EMPRESA00371,MILHO,7.75,23667.28,1.34,3.07,3.93,9.44,1.36,5.74,15.29,34.33,16.97,12.12,68.85,0.56
315,EMPRESA00020,CANA_ACUCAR,6.13,6858.86,5.53,6.5,6.68,4.63,6.22,2.97,1.33,23.21,25.88,7.91,67.06,0.48
316,EMPRESA00342,TRIGO,9.61,18266.01,5.15,7.31,7.84,9.12,3.79,1.43,17.78,13.74,18.65,7.98,27.39,0.51
317,EMPRESA00112,CANA_ACUCAR,6.88,25343.81,6.68,2.79,4.43,4.12,7.59,4.94,1.7,13.89,24.48,9.9,79.88,0.48
318,EMPRESA00402,MILHO,5.38,6272.19,1.54,4.09,7.94,9.48,2.19,7.88,15.76,28.57,16.82,9.91,50.35,0.53
319,EMPRESA00363,MILHO,3.58,20332.47,6.25,1.61,6.46,8.95,2.24,8.56,4.38,19.12,22.21,10.78,29.48,0.45
320,EMPRESA00260,SOJA,9.99,8546.65,6.11,4.67,8.38,10.78,8.6,4.59,2.53,26.57,16.75,6.79,66.22,0.55
321,EMPRESA00068,SOJA,8.17,20101.69,6.08,7.37,3.96,6.2,3.24,1.2,2.48,32.3,36.93,17.31,14.22,0.49
322,EMPRESA00097,SOJA,7.17,20107.17,8.98,5.2,5.78,14.24,4.6,5.36,7.09,39.92,10.56,7.27,15.4,0.57
323,EMPRESA00266,MILHO,6.94,21500.89,9.06,5.37,7.07,3.72,8.42,7.54,2.09,27.37,16.65,18.04,62.35,0.53
324,EMPRESA00171,CANA_ACUCAR,5.48,25747.67,9.22,4.93,6.38,3.57,3.4,8.19,12.99,39.92,14.86,17.73,34.99,0.59
325,EMPRESA00439,TRIGO,5.65,29616.7,9.02,2.13,6.91,14.29,4.77,8.72,14.13,16.79,33.59,10.31,12.16,0.62
326,EMPRESA00137,SOJA,6.94,28766.72,2.67,8.38,7.2,14.44,8.76,4.29,4.69,31.27,16.18,17.61,91.01,0.62
327,EMPRESA00064,CANA_ACUCAR,6.6,16452.35,6.28,8.69,4.31,5.55,2.05,6.79,19.43,31.73,34.85,11.55,57.33,0.67
328,EMPRESA00478,TRIGO,9.54,27451.66,6.02,2.55,6.19,7.5,4.55,2.61,4.9,13.72,13.41,14.09,51.95,0.44
329,EMPRESA00114,MILHO,5.79,5640.44,2.97,1.59,8.58,11.41,3.38,2.86,1.95,38.69,31.45,7.69,50.24,0.54
330,EMPRESA00436,MILHO,7.78,29703.64,8.62,6.17,2.74,6.21,8.03,3.67,3.71,24.85,15.22,5.02,89.69,0.56
331,EMPRESA00357,SOJA,6.17,1751.95,9.1,5.89,7.82,5.6,4.28,7.28,3.23,37.29,11.49,5.96,71.71,0.56
332,EMPRESA00209,CANA_ACUCAR,6.96,9712.56,4.65,6.27,7.13,10.92,8.05,2.58,12.79,10.11,13.04,19.56,39.79,0.49
333,EMPRESA00438,SOJA,7.52,27106.55,4.66,4.97,8.86,7.87,7.09,5.3,5.89,28.38,31.37,11.9,58.28,0.57
334,EMPRESA00256,SOJA,7.19,20929.37,9.98,5.72,7.87,8.47,5.98,3.0,15.24,36.16,33.33,15.6,63.98,0.75
335,EMPRESA00091,CANA_ACUCAR,9.45,17595.75,6.79,5.34,6.83,12.7,4.84,7.53,16.96,30.6,18.48,17.04,83.38,0.73
336,EMPRESA00462,MILHO,5.34,19108.67,1.55,1.73,5.02,2.24,7.75,3.72,1.38,15.82,11.21,8.49,42.12,0.28
337,EMPRESA00342,CANA_ACUCAR,5.94,1635.71,2.12,5.53,3.47,10.22,9.94,5.82,1.0,26.55,39.35,8.89,48.11,0.51
338,EMPRESA00056,SOJA,9.54,9332.31,6.89,8.96,5.33,11.8,5.31,5.92,13.59,39.39,24.38,11.33,34.31,0.67
339,EMPRESA00311,TRIGO,8.41,2000.85,7.76,8.23,9.44,10.09,3.53,6.79,19.14,15.72,21.23,13.36,39.1,0.62
340,EMPRESA00497,TRIGO,8.33,7531.43,1.84,5.83,9.16,9.15,7.01,5.87,10.75,25.46,23.44,14.43,63.46,0.56
341,EMPRESA00257,MILHO,3.41,27362.29,8.01,8.04,9.27,3.25,9.85,4.71,17.96,29.44,23.48,17.23,24.88,0.59
342,EMPRESA00321,SOJA,9.22,8596.2,5.22,8.34,6.19,14.81,4.76,2.07,3.42,22.79,37.62,14.07,27.9,0.57
343,EMPRESA00237,TRIGO,9.45,4580.89,6.96,6.19,8.82,2.91,3.8,1.57,5.73,35.88,21.53,16.34,70.14,0.56
344,EMPRESA00321,MILHO,6.92,16125.39,9.2,5.67,8.91,7.34,6.94,8.54,4.87,32.96,36.25,14.56,40.38,0.64
345,EMPRESA00108,MILHO,6.38,29396.92,8.94,6.57,8.43,10.88,5.69,1.62,12.36,22.4,33.27,10.2,79.56,0.71
346,EMPRESA00234,SOJA,8.63,16105.48,2.72,4.29,3.47,11.45,2.39,1.51,10.08,29.16,34.39,6.7,62.33,0.58
347,EMPRESA00147,CANA_ACUCAR,9.61,23891.99,3.87,2.65,4.0,5.4,7.26,4.5,15.7,12.32,11.67,5.98,96.0,0.52
348,EMPRESA00340,MILHO,6.21,24327.62,4.3,5.55,4.3,2.25,7.99,2.72,2.89,34.13,13.04,8.31,81.03,0.47
349,EMPRESA00391,TRIGO,9.12,7188.6,6.44,3.32,8.65,9.62,2.69,3.98,14.63,17.82,18.76,7.65,16.03,0.5
350,EMPRESA00283,SOJA,4.97,11098.15,5.4,9.52,3.57,12.35,9.06,8.93,11.98,22.02,27.95,9.9,35.37,0.6
351,EMPRESA00118,CANA_ACUCAR,4.67,15843.09,3.71,3.06,7.38,11.88,3.37,7.77,7.86,34.42,18.89,8.7,8.59,0.48
352,EMPRESA00001,TRIGO,6.85,28762.25,1.97,6.76,5.38,14.25,3.23,9.45,14.37,39.22,25.93,8.29,73.2,0.68
353,EMPRESA00230,MILHO,4.54,6110.24,6.16,6.7,8.88,10.5,3.28,6.75,8.17,19.32,19.99,12.53,61.86,0.56
354,EMPRESA00146,TRIGO,9.24,12831.45,9.73,7.12,2.41,12.36,7.28,2.33,11.61,37.87,35.21,14.92,70.74,0.77
355,EMPRESA00210,CANA_ACUCAR,4.48,7746.16,4.37,4.45,3.11,12.5,1.59,5.81,2.09,15.71,34.23,19.18,77.37,0.55
356,EMPRESA00426,MILHO,5.16,25328.27,1.21,2.46,5.17,13.3,4.19,6.8,5.14,29.43,28.33,16.6,71.54,0.56
357,EMPRESA00355,MILHO,3.49,807.98,2.94,9.99,3.53,12.69,9.69,8.1,8.53,31.51,27.15,12.95,65.11,0.62
358,EMPRESA00354,SOJA,4.14,5734.0,7.96,9.15,4.98,11.21,4.98,4.84,16.59,20.63,13.36,12.47,88.36,0.67
359,EMPRESA00078,TRIGO,8.46,11231.75,8.09,6.88,7.69,9.01,8.16,6.76,13.83,34.24,35.24,14.69,13.9,0.66
360,EMPRESA00066,TRIGO,8.25,28734.19,3.07,5.66,4.23,7.16,6.68,9.29,13.2,20.16,24.11,9.73,10.17,0.46
361,EMPRESA00294,TRIGO,7.45,21646.5,7.83,9.4,3.01,8.15,5.39,9.24,10.06,15.74,12.11,18.5,64.75,0.56
362,EMPRESA00022,MILHO,5.05,11746.9,2.2,7.14,9.42,11.55,5.55,1.77,13.66,24.92,11.86,13.71,78.81,0.57
363,EMPRESA00101,SOJA,8.61,29956.74,9.93,3.13,4.3,3.47,6.25,3.69,4.66,30.74,17.88,9.91,7.03,0.45
364,EMPRESA00201,TRIGO,5.46,28762.24,5.84,5.29,3.86,12.75,6.46,7.35,3.63,13.76,31.66,6.84,86.68,0.59
365,EMPRESA00357,SOJA,5.55,18469.83,6.78,3.88,3.1,4.1,6.38,9.45,9.9,25.62,28.31,11.86,48.97,0.54
366,EMPRESA00470,MILHO,9.99,27411.93,3.13,1.46,9.16,10.98,7.44,5.91,11.55,39.82,22.62,15.28,99.77,0.7
367,EMPRESA00377,CANA_ACUCAR,7.41,7919.62,9.97,7.4,3.59,3.14,9.73,5.26,3.1,28.66,15.05,12.13,93.23,0.6
368,EMPRESA00221,TRIGO,8.38,11462.14,1.31,3.63,9.38,11.24,3.99,6.82,8.65,31.82,16.48,12.93,82.09,0.57
369,EMPRESA00392,MILHO,7.78,14876.69,4.57,3.34,4.22,13.45,2.47,8.73,8.59,27.71,22.54,13.77,67.82,0.61
370,EMPRESA00316,MILHO,4.98,15650.89,2.89,8.63,3.65,10.29,3.41,3.05,11.24,17.83,15.18,11.46,94.81,0.55
371,EMPRESA00152,SOJA,4.89,29141.46,2.77,7.36,8.66,9.26,8.15,8.13,3.89,13.74,10.25,6.75,28.96,0.38
372,EMPRESA00253,CANA_ACUCAR,4.18,2193.52,9.12,8.72,7.16,9.23,9.76,5.16,2.22,26.12,23.01,10.99,44.92,0.57
373,EMPRESA00441,TRIGO,6.46,4446.55,8.59,8.77,4.86,8.81,4.35,3.66,9.24,26.63,34.5,7.02,52.55,0.63
374,EMPRESA00229,CANA_ACUCAR,6.63,141.82,3.67,5.52,6.58,14.65,9.36,5.2,13.31,23.81,26.61,16.6,57.5,0.64
375,EMPRESA00284,CANA_ACUCAR,8.77,19634.91,7.5,5.23,4.72,3.47,4.71,3.67,3.82,10.86,13.87,5.71,78.46,0.45
376,EMPRESA00056,SOJA,6.25,13908.16,5.41,6.55,9.97,13.65,7.67,4.94,9.1,33.78,18.61,18.76,52.11,0.64
377,EMPRESA00269,MILHO,6.19,11910.43,6.19,7.9,8.43,4.55,6.72,9.42,17.52,21.32,39.65,8.05,88.2,0.7
378,EMPRESA00172,CANA_ACUCAR,7.35,12351.37,1.05,8.38,4.53,3.26,2.45,8.56,19.89,31.94,25.69,11.67,50.5,0.54
379,EMPRESA00386,SOJA,8.55,2262.1,2.1,8.16,3.56,13.06,1.77,4.5,15.61,10.19,32.9,17.02,21.04,0.52
380,EMPRESA00241,SOJA,6.92,7461.86,6.7,6.46,4.77,7.57,5.72,5.44,17.89,11.63,30.83,11.37,24.45,0.55
381,EMPRESA00069,CANA_ACUCAR,7.23,14973.18,3.67,5.33,8.58,6.09,3.98,8.04,10.2,30.97,12.68,9.62,32.94,0.47
382,EMPRESA00459,MILHO,4.52,18353.67,8.9,3.57,5.29,3.74,2.89,2.8,12.41,18.57,17.58,11.73,69.68,0.54
383,EMPRESA00156,CANA_ACUCAR,7.53,2473.97,4.7,2.47,6.49,11.56,7.08,5.44,8.19,30.55,23.98,17.34,92.64,0.65
384,EMPRESA00206,TRIGO,9.79,16637.56,2.75,4.33,5.25,12.95,2.43,1.85,9.72,33.13,35.51,19.33,99.97,0.7
385,EMPRESA00053,CANA_ACUCAR,6.66,25590.86,4.75,7.68,5.24,13.56,3.47,7.97,6.51,10.94,12.29,8.7,19.52,0.43
386,EMPRESA00195,SOJA,8.44,26133.86,3.08,5.09,8.45,10.28,8.18,9.51,6.22,10.64,37.34,12.34,33.55,0.51
387,EMPRESA00456,CANA_ACUCAR,5.72,19989.05,4.66,3.93,8.48,3.61,8.0,7.22,5.81,33.79,21.8,6.61,20.44,0.45
388,EMPRESA00311,MILHO,8.16,11723.41,3.98,3.97,8.26,9.78,9.24,9.78,11.21,25.25,29.15,17.16,53.48,0.61
389,EMPRESA00072,SOJA,8.33,17361.51,7.17,5.23,7.1,5.51,2.77,5.75,2.11,31.1,20.62,5.05,95.27,0.57
390,EMPRESA00085,MILHO,3.76,1653.84,7.95,6.73,3.95,14.04,2.72,4.38,4.02,16.85,10.71,8.69,81.47,0.55
391,EMPRESA00159,TRIGO,8.8,2173.02,9.13,9.43,9.77,4.88,4.62,6.7,13.86,32.99,22.09,13.63,50.32,0.65
392,EMPRESA00350,SOJA,9.74,11939.65,9.19,8.76,9.48,14.09,8.01,1.34,16.62,32.94,16.43,11.67,90.7,0.79
393,EMPRESA00097,TRIGO,5.2,9181.51,9.33,6.57,2.84,3.7,9.53,5.29,7.77,16.37,12.89,15.8,82.54,0.54
394,EMPRESA00130,CANA_ACUCAR,8.39,19909.2,2.97,7.59,3.86,9.85,9.31,1.43,14.94,27.3,35.46,7.39,44.2,0.59
395,EMPRESA00443,MILHO,7.2,8080.94,6.96,8.59,2.5,12.68,6.65,9.65,18.4,11.25,34.27,17.89,39.11,0.66
396,EMPRESA00491,MILHO,8.95,18593.8,4.88,9.4,4.11,3.73,5.72,6.97,10.63,14.35,21.44,5.71,52.47,0.48
397,EMPRESA00473,MILHO,6.7,8092.85,2.96,8.82,6.6,8.89,4.89,1.12,10.78,30.89,28.2,17.28,58.9,0.58
398,EMPRESA00415,TRIGO,8.98,25770.98,6.96,5.67,6.6,3.58,8.68,6.17,12.92,13.25,33.93,9.16,50.46,0.56
399,EMPRESA00184,SOJA,7.16,11433.98,3.29,7.0,6.46,3.36,7.95,1.47,17.28,37.44,34.78,9.78,97.26,0.68
400,EMPRESA00380,TRIGO,9.66,14321.43,6.89,7.32,3.3,8.11,6.44,7.74,10.88,17.03,24.23,17.91,19.6,0.52
401,EMPRESA00304,SOJA,5.44,20148.98,7.99,8.78,7.95,4.4,7.73,4.67,9.87,11.86,11.13,5.31,46.18,0.46
402,EMPRESA00338,MILHO,3.06,23150.76,1.3,8.42,8.21,2.02,2.17,9.12,1.61,27.77,13.02,14.78,81.4,0.42
403,EMPRESA00132,SOJA,9.52,8403.17,2.97,5.15,8.26,7.96,3.57,1.87,18.13,27.71,16.97,16.62,75.26,0.6
404,EMPRESA00399,MILHO,4.07,28155.69,6.44,9.3,6.72,2.76,3.42,8.11,14.68,25.19,31.56,12.22,75.82,0.62
405,EMPRESA00356,MILHO,6.12,5135.84,9.61,2.28,2.25,8.03,7.72,5.41,14.62,38.65,22.65,19.07,78.51,0.72
406,EMPRESA00289,TRIGO,6.57,11776.83,5.19,8.01,6.92,5.9,5.83,3.36,13.66,11.77,20.88,15.03,29.86,0.47
407,EMPRESA00186,TRIGO,9.42,6842.66,8.92,7.04,4.88,3.99,4.3,7.74,11.24,28.14,11.19,13.3,15.08,0.49
408,EMPRESA00429,MILHO,6.22,20668.98,9.35,7.78,7.1,10.26,9.1,1.93,6.45,34.74,39.46,15.51,94.15,0.77
409,EMPRESA00350,MILHO,8.01,27443.84,1.23,9.14,2.84,3.78,4.03,3.86,12.08,11.86,23.01,15.5,37.59,0.4
410,EMPRESA00185,TRIGO,8.88,17198.09,9.24,8.48,3.73,10.35,5.01,9.66,9.55,24.0,35.81,18.48,57.97,0.7
411,EMPRESA00160,CANA_ACUCAR,9.4,12654.82,1.39,2.89,8.11,13.0,1.03,2.53,14.18,39.07,39.89,7.7,30.55,0.61
412,EMPRESA00230,MILHO,7.22,6834.51,6.41,9.38,5.2,7.05,7.1,4.72,8.27,31.61,16.69,15.07,56.96,0.57
413,EMPRESA00383,TRIGO,8.32,13369.84,6.21,2.25,3.22,12.05,7.16,1.62,16.55,15.03,38.74,19.83,96.3,0.72
414,EMPRESA00133,MILHO,2.22,23346.19,1.14,2.72,4.24,7.77,9.32,2.75,9.37,11.45,29.02,5.21,58.95,0.44
415,EMPRESA00147,CANA_ACUCAR,8.9,19722.02,9.28,8.71,6.82,8.07,6.53,1.18,2.01,31.91,17.57,16.04,45.15,0.57
416,EMPRESA00031,CANA_ACUCAR,4.16,11364.16,5.57,4.38,7.15,5.07,6.64,9.82,16.21,36.43,15.76,14.26,40.3,0.57
417,EMPRESA00199,MILHO,8.36,29877.79,1.43,1.71,6.15,9.9,5.12,7.06,3.76,23.39,38.41,18.45,31.02,0.49
418,EMPRESA00187,MILHO,7.65,12786.77,5.75,3.76,8.63,8.2,1.34,1.15,6.69,10.6,15.67,9.72,42.65,0.42
419,EMPRESA00273,MILHO,2.9,24722.79,2.03,5.56,4.4,8.87,3.68,2.94,19.08,10.38,13.28,7.61,82.23,0.51
420,EMPRESA00248,MILHO,9.8,16687.0,6.23,8.29,6.4,4.83,1.85,7.79,13.76,12.78,20.82,6.49,71.75,0.55
421,EMPRESA00111,TRIGO,9.39,25782.52,7.66,8.08,8.2,12.28,7.35,7.84,15.2,35.23,28.77,9.38,88.11,0.79
422,EMPRESA00112,TRIGO,6.55,27621.35,4.56,8.28,2.7,11.63,5.25,2.26,2.32,23.8,11.04,17.07,12.6,0.41
423,EMPRESA00493,CANA_ACUCAR,4.65,9276.81,5.22,2.0,3.22,9.67,9.06,8.23,11.96,38.33,15.69,16.83,98.59,0.67
424,EMPRESA00181,TRIGO,9.04,19817.31,9.26,7.08,3.92,13.49,2.99,3.91,2.64,16.46,16.55,19.53,79.38,0.6
425,EMPRESA00242,SOJA,8.9,24266.23,6.81,2.96,7.64,9.95,1.17,2.39,2.83,17.33,18.27,13.27,98.02,0.56
426,EMPRESA00489,TRIGO,9.54,21609.71,9.09,9.86,2.36,8.35,9.96,7.77,4.79,25.9,21.94,10.84,17.71,0.54
427,EMPRESA00047,TRIGO,5.16,15929.04,9.64,5.14,6.46,13.13,1.7,6.88,19.49,18.6,33.85,15.32,88.24,0.78
428,EMPRESA00468,SOJA,5.49,19062.83,6.62,8.9,8.65,3.28,4.05,5.92,19.89,14.01,23.94,8.34,32.27,0.53
429,EMPRESA00301,MILHO,8.78,26534.88,5.76,1.45,4.93,8.02,9.04,1.38,6.67,33.35,38.39,12.41,91.81,0.67
430,EMPRESA00274,MILHO,9.71,23644.81,5.2,8.35,4.15,7.87,4.83,3.87,10.93,23.4,30.75,9.91,88.07,0.63
431,EMPRESA00157,MILHO,5.3,1641.76,6.71,9.94,4.06,3.43,8.76,6.27,7.07,14.52,27.09,15.27,50.0,0.5
432,EMPRESA00406,SOJA,5.84,13122.09,4.84,7.19,9.52,14.45,7.69,2.93,11.51,13.25,18.21,15.29,14.79,0.51
433,EMPRESA00149,TRIGO,8.52,5157.75,1.79,7.8,6.82,7.9,3.04,4.18,17.16,38.76,14.34,13.86,65.74,0.59
434,EMPRESA00421,SOJA,8.76,8868.69,2.42,2.27,6.81,4.39,8.04,7.19,19.94,11.76,13.42,9.33,53.1,0.48
435,EMPRESA00027,SOJA,7.35,29518.48,2.47,3.38,8.33,10.85,5.44,1.91,10.74,17.13,33.73,9.38,47.37,0.53
436,EMPRESA00164,TRIGO,6.86,794.71,2.46,2.71,3.41,7.71,1.79,9.9,10.29,21.67,38.39,18.24,73.06,0.58
437,EMPRESA00274,MILHO,2.42,25470.42,2.58,7.86,5.27,11.81,3.02,8.25,19.98,37.96,20.48,12.57,85.69,0.7
438,EMPRESA00363,SOJA,9.14,14188.0,9.86,3.61,7.13,12.66,6.64,3.0,5.42,39.35,16.64,7.98,99.74,0.72
439,EMPRESA00448,TRIGO,5.61,28394.1,5.06,6.5,8.54,10.22,7.0,8.58,12.47,11.28,34.37,12.25,47.12,0.58
440,EMPRESA00170,SOJA,9.86,23070.41,5.24,2.73,9.83,7.51,9.0,7.56,11.39,25.97,19.75,7.6,14.33,0.5
441,EMPRESA00072,CANA_ACUCAR,8.97,19498.03,8.35,9.63,4.88,9.99,3.8,3.44,19.92,21.67,21.68,12.67,51.31,0.67
442,EMPRESA00459,CANA_ACUCAR,7.97,2726.02,4.35,6.95,9.91,10.26,8.8,9.64,12.66,25.6,18.93,5.44,26.19,0.55
443,EMPRESA00450,MILHO,6.23,15557.8,5.04,9.19,8.28,9.56,1.97,3.53,11.78,18.35,18.01,7.06,89.78,0.59
444,EMPRESA00490,SOJA,9.11,7470.95,7.58,2.89,6.28,6.14,7.07,1.48,14.57,29.29,39.27,19.02,87.13,0.72
445,EMPRESA00391,CANA_ACUCAR,6.34,7704.39,1.74,4.14,6.01,11.61,3.58,1.55,16.5,38.57,31.86,12.43,6.28,0.55
446,EMPRESA00460,CANA_ACUCAR,6.21,14326.21,6.43,7.31,5.93,10.81,1.07,8.64,17.2,10.27,38.5,17.56,92.07,0.71
447,EMPRESA00241,CANA_ACUCAR,8.14,29636.42,9.19,6.44,6.43,4.85,3.25,4.43,3.65,24.12,12.82,5.31,85.34,0.55
448,EMPRESA00085,MILHO,4.3,28160.52,1.89,7.23,6.94,3.13,3.56,1.2,18.55,19.42,26.84,7.35,95.41,0.56
449,EMPRESA00110,SOJA,5.19,21240.67,3.85,6.02,3.37,3.36,3.31,4.33,12.75,16.66,32.72,11.33,83.06,0.54
450,EMPRESA00405,MILHO,5.74,29770.75,6.02,2.59,9.32,12.03,6.8,2.75,16.51,12.35,33.9,19.43,58.24,0.65
451,EMPRESA00392,CANA_ACUCAR,4.5,6181.15,7.57,8.57,5.99,12.34,1.14,2.94,2.68,26.81,28.16,14.45,73.28,0.62
452,EMPRESA00011,MILHO,8.73,12579.42,7.41,1.68,9.08,10.43,3.12,9.39,13.46,27.89,26.72,15.3,53.37,0.66
453,EMPRESA00033,CANA_ACUCAR,6.35,22853.45,7.17,7.86,8.62,14.38,5.82,3.63,3.63,19.39,37.35,7.41,49.19,0.62
454,EMPRESA00484,TRIGO,9.45,11174.55,1.83,5.4,5.07,3.68,1.34,2.74,4.84,37.58,31.1,10.92,69.95,0.51
455,EMPRESA00048,CANA_ACUCAR,9.77,1817.77,5.74,7.09,3.14,7.31,6.96,1.38,16.01,12.27,19.93,14.53,32.79,0.51
456,EMPRESA00380,MILHO,3.81,29387.67,6.98,3.38,3.05,5.28,3.08,7.16,16.82,19.2,29.91,5.47,68.91,0.59
457,EMPRESA00026,MILHO,2.31,23048.87,3.63,1.27,2.64,9.21,1.66,4.01,12.23,18.94,13.45,13.6,54.63,0.46
458,EMPRESA00399,MILHO,4.35,25745.63,5.86,3.26,9.1,9.79,4.05,9.65,9.28,24.35,23.83,17.54,30.0,0.54
459,EMPRESA00473,TRIGO,9.53,24779.07,5.1,2.68,4.01,7.96,6.33,9.18,19.6,31.15,32.83,5.73,23.16,0.62
460,EMPRESA00448,MILHO,7.54,11053.33,2.35,8.79,6.45,13.86,8.82,6.93,18.71,33.44,26.63,13.64,56.67,0.7
461,EMPRESA00431,MILHO,2.7,25388.59,6.37,8.98,8.87,9.81,7.1,3.34,13.95,23.99,28.27,16.37,97.07,0.7
462,EMPRESA00478,CANA_ACUCAR,9.8,9689.87,8.69,7.61,8.26,5.99,4.14,2.9,18.89,36.09,21.12,18.16,71.12,0.72
463,EMPRESA00110,SOJA,7.08,18540.37,4.96,8.54,4.66,8.3,6.3,3.36,17.54,10.55,13.52,13.35,89.72,0.58
464,EMPRESA00259,TRIGO,9.62,2183.71,2.69,9.74,4.58,11.97,2.85,3.74,2.57,12.1,37.86,5.47,21.7,0.45
465,EMPRESA00263,CANA_ACUCAR,7.21,20392.14,7.07,5.22,4.22,6.6,4.3,3.5,3.02,28.69,32.21,10.48,90.52,0.61
466,EMPRESA00202,TRIGO,5.52,5430.5,5.5,5.02,2.47,5.06,6.08,8.11,11.08,22.03,22.22,17.8,94.89,0.59
467,EMPRESA00454,MILHO,3.62,22343.66,5.06,1.23,9.64,13.26,7.65,9.31,17.47,23.06,17.75,6.33,61.98,0.63
468,EMPRESA00049,CANA_ACUCAR,6.57,27474.86,9.5,8.41,9.83,5.37,6.06,1.27,1.31,27.73,30.85,13.82,61.46,0.59
469,EMPRESA00445,TRIGO,8.68,13769.61,9.08,3.37,2.39,12.56,3.12,3.76,4.41,11.31,36.93,19.92,69.49,0.62
470,EMPRESA00248,TRIGO,7.87,18325.96,7.64,8.07,7.03,4.8,7.41,6.84,5.99,13.86,21.92,10.14,80.88,0.55
471,EMPRESA00439,MILHO,5.79,20301.7,8.56,4.98,7.94,14.81,7.2,2.7,11.21,22.96,27.73,11.34,75.34,0.71
472,EMPRESA00345,CANA_ACUCAR,7.0,4348.2,2.37,6.27,5.31,8.89,4.9,7.85,19.3,17.99,37.87,15.4,64.93,0.63
473,EMPRESA00278,TRIGO,6.63,26167.99,3.57,3.25,3.04,7.76,4.41,5.98,3.47,12.98,29.04,19.81,33.99,0.42
474,EMPRESA00150,CANA_ACUCAR,7.62,15342.07,4.94,4.47,7.71,3.56,8.68,4.94,1.0,18.37,35.35,12.14,82.95,0.52
475,EMPRESA00050,TRIGO,6.56,4937.76,9.65,5.75,3.56,12.98,9.06,4.66,16.67,23.32,22.91,10.6,90.85,0.75
476,EMPRESA00131,TRIGO,9.39,22976.07,2.39,5.89,4.6,5.19,1.76,3.1,14.63,20.99,12.53,9.19,16.93,0.39
477,EMPRESA00199,MILHO,5.26,19409.67,6.55,1.33,8.56,14.9,7.79,6.88,7.42,21.69,27.95,15.8,38.72,0.6
478,EMPRESA00480,CANA_ACUCAR,7.32,10601.24,4.01,3.38,8.46,11.2,3.64,8.26,6.35,30.14,25.83,11.6,54.63,0.57
479,EMPRESA00165,CANA_ACUCAR,6.83,4598.2,5.11,9.34,6.6,9.84,4.68,7.58,17.49,11.58,16.04,13.44,99.01,0.63
480,EMPRESA00249,TRIGO,9.11,23645.95,1.16,5.15,7.8,10.71,5.39,2.65,3.62,20.09,27.77,6.45,46.04,0.46
481,EMPRESA00458,CANA_ACUCAR,6.94,14023.79,5.86,5.66,7.78,7.87,6.72,4.24,5.61,12.87,33.05,8.16,65.7,0.54
482,EMPRESA00383,SOJA,4.21,20410.23,1.69,6.67,9.37,9.8,9.32,6.29,3.03,26.29,12.81,7.27,24.04,0.4
483,EMPRESA00293,MILHO,8.88,2273.33,2.16,5.71,7.82,4.13,2.15,3.82,15.01,22.75,21.57,9.33,54.34,0.49
484,EMPRESA00031,CANA_ACUCAR,6.73,28329.62,2.93,2.55,3.07,4.41,6.25,4.31,19.98,19.28,11.81,5.3,67.73,0.49
485,EMPRESA00030,CANA_ACUCAR,4.44,8648.39,9.09,3.87,7.44,10.67,1.7,4.23,12.59,24.56,12.14,7.05,36.9,0.56
486,EMPRESA00020,SOJA,5.14,9090.38,3.77,3.69,7.66,13.16,3.69,4.81,9.65,38.79,21.19,17.95,76.33,0.65
487,EMPRESA00405,CANA_ACUCAR,7.27,6839.93,1.7,6.03,5.12,3.43,9.2,6.44,8.65,14.62,36.51,9.31,92.73,0.53
488,EMPRESA00053,SOJA,8.04,21841.63,5.98,7.05,9.33,10.04,5.07,9.87,18.36,36.06,23.58,11.89,24.06,0.65
489,EMPRESA00085,SOJA,6.49,28741.55,3.39,5.64,8.41,13.52,1.05,2.36,14.73,38.69,16.2,17.76,16.65,0.56
490,EMPRESA00340,CANA_ACUCAR,6.73,17859.12,8.87,9.62,7.09,14.91,3.35,8.05,14.03,19.6,35.03,11.87,28.69,0.69
491,EMPRESA00030,MILHO,6.3,6626.65,3.51,2.39,5.57,13.8,7.63,7.33,4.53,18.26,39.62,10.34,31.83,0.54
492,EMPRESA00059,CANA_ACUCAR,5.97,25387.08,6.93,3.85,9.69,9.53,3.88,8.95,19.14,29.35,21.16,11.56,99.27,0.74
493,EMPRESA00331,TRIGO,5.96,24311.26,8.69,4.19,4.02,5.14,2.96,7.09,8.65,28.34,17.67,17.69,32.68,0.51
494,EMPRESA00475,SOJA,8.17,29894.27,7.08,2.02,4.36,4.69,2.63,8.42,6.36,24.53,17.03,6.51,42.61,0.46
495,EMPRESA00330,CANA_ACUCAR,8.48,27232.41,8.96,7.91,7.14,12.58,8.16,6.41,4.59,13.25,10.47,19.99,43.05,0.55
496,EMPRESA00486,CANA_ACUCAR,6.05,6068.39,4.19,9.39,5.69,5.01,9.4,4.99,11.41,20.44,21.71,9.9,54.77,0.51
497,EMPRESA00149,CANA_ACUCAR,4.01,13902.82,8.71,7.06,4.39,9.01,1.19,2.69,4.04,23.53,31.13,8.61,87.97,0.62
498,EMPRESA00068,SOJA,4.2,29947.26,9.32,2.68,9.97,13.85,9.11,8.06,6.77,38.44,11.46,16.08,49.4,0.65
499,EMPRESA00333,TRIGO,5.36,8940.62,1.33,5.52,2.28,6.51,7.6,1.09,16.34,28.83,15.18,16.12,99.2,0.57
500,EMPRESA00354,SOJA,6.48,7366.03,1.39,2.59,5.03,13.44,6.86,4.34,6.61,22.61,29.12,13.44,89.92,0.59
501,EMPRESA00395,MILHO,5.7,18990.6,1.5,9.2,2.47,6.66,7.35,9.7,10.52,23.01,18.66,16.47,56.34,0.49
502,EMPRESA00086,CANA_ACUCAR,9.18,8670.77,4.49,8.72,7.44,3.98,6.61,9.71,6.82,23.05,19.98,14.37,19.68,0.45
503,EMPRESA00390,SOJA,9.89,2444.64,8.91,8.82,9.36,13.94,3.56,3.13,7.48,12.14,23.34,5.99,93.98,0.67
504,EMPRESA00168,SOJA,5.54,1240.91,4.43,9.64,3.84,9.31,7.41,4.85,13.6,33.97,18.68,11.66,63.89,0.61
505,EMPRESA00199,TRIGO,5.13,7480.42,1.28,6.32,5.48,4.34,1.63,9.34,5.74,33.23,13.59,17.23,74.82,0.47
506,EMPRESA00135,TRIGO,6.07,9655.44,9.34,4.45,9.94,7.21,1.54,7.52,19.05,20.33,16.13,10.61,21.35,0.57
507,EMPRESA00267,SOJA,7.57,1838.97,1.79,6.7,8.01,11.18,2.42,3.06,2.94,36.76,22.29,10.6,21.74,0.46
508,EMPRESA00161,CANA_ACUCAR,5.5,29581.58,3.73,9.59,9.37,5.54,3.56,2.81,15.83,19.63,14.0,5.02,86.5,0.54
509,EMPRESA00189,SOJA,8.49,15171.38,2.79,7.53,7.88,5.68,5.6,4.16,13.03,39.06,28.63,8.01,44.56,0.57
510,EMPRESA00032,TRIGO,5.14,22304.23,5.49,5.99,8.04,8.92,9.42,2.03,19.73,14.28,38.62,16.18,16.63,0.59
511,EMPRESA00133,SOJA,6.99,23158.7,9.54,4.35,7.2,11.86,9.56,3.75,8.2,19.86,35.92,8.76,64.16,0.68
512,EMPRESA00341,CANA_ACUCAR,5.52,12274.47,5.35,8.17,7.59,8.28,1.95,8.72,3.23,34.9,36.4,8.94,39.34,0.57
513,EMPRESA00087,TRIGO,7.93,22828.69,6.57,6.84,2.79,2.72,6.72,9.06,3.44,20.03,10.01,5.93,78.67,0.46
514,EMPRESA00383,MILHO,9.83,4340.28,6.18,7.11,2.01,4.67,6.17,6.4,6.44,20.03,33.63,16.04,42.85,0.52
515,EMPRESA00062,SOJA,7.08,2057.16,5.48,2.89,4.27,6.09,8.11,4.66,17.11,21.1,29.23,10.04,86.59,0.64
516,EMPRESA00494,TRIGO,8.03,20860.79,2.09,5.14,2.72,5.28,1.0,8.42,11.43,14.23,16.56,10.52,64.23,0.44
517,EMPRESA00174,MILHO,7.76,26992.71,9.52,7.94,5.45,9.02,7.13,6.17,17.13,19.36,28.75,9.23,72.51,0.71
518,EMPRESA00385,TRIGO,9.28,14496.44,4.65,4.24,2.11,11.25,7.4,9.3,4.2,17.17,15.54,7.77,96.8,0.55
519,EMPRESA00451,SOJA,7.58,1826.04,9.35,9.34,7.69,9.26,7.05,1.07,14.01,19.72,34.63,19.25,77.34,0.72
520,EMPRESA00254,CANA_ACUCAR,6.29,9206.65,3.56,5.21,3.82,11.44,3.51,9.47,3.16,38.74,32.09,19.05,71.67,0.62
521,EMPRESA00083,CANA_ACUCAR,8.37,5604.06,1.21,3.57,9.4,7.35,1.71,7.5,17.59,17.68,10.81,5.66,25.54,0.42
522,EMPRESA00226,TRIGO,6.86,20479.51,4.32,5.99,7.49,2.21,6.18,4.22,18.64,15.25,11.12,15.41,26.34,0.43
523,EMPRESA00491,MILHO,5.34,16245.06,5.69,3.11,2.69,4.89,1.96,6.95,4.28,37.36,15.02,11.91,62.15,0.49
524,EMPRESA00304,MILHO,6.35,5044.36,1.95,1.51,7.81,4.51,8.88,4.03,9.58,30.13,34.36,10.65,73.54,0.56
525,EMPRESA00258,TRIGO,6.77,2469.31,1.24,6.84,8.27,2.33,7.16,8.29,9.92,26.49,26.84,11.66,96.12,0.55
526,EMPRESA00094,MILHO,9.92,20083.18,4.74,7.26,3.97,14.83,5.89,1.12,8.97,34.93,34.57,19.83,33.52,0.65
527,EMPRESA00089,TRIGO,5.66,11186.45,1.24,9.05,6.21,4.15,5.01,6.3,9.31,13.84,33.79,11.25,32.62,0.43
528,EMPRESA00035,MILHO,4.66,24965.3,5.48,4.36,7.68,5.57,5.34,7.48,4.26,22.56,27.66,19.99,33.53,0.48
529,EMPRESA00365,TRIGO,5.71,26416.77,4.18,4.74,9.03,13.11,1.81,5.83,8.09,25.37,23.29,13.18,64.23,0.58
530,EMPRESA00488,TRIGO,7.86,10910.65,6.79,7.63,6.98,6.8,8.99,1.94,12.61,31.63,19.37,7.79,27.87,0.55
531,EMPRESA00111,MILHO,4.9,17016.17,4.53,9.7,6.06,12.75,2.19,3.1,4.05,32.11,27.17,10.42,52.67,0.57
532,EMPRESA00067,TRIGO,6.99,16137.85,4.69,4.01,3.7,11.25,4.87,3.8,11.14,36.06,28.17,12.61,74.68,0.65
533,EMPRESA00260,MILHO,5.67,24468.13,6.57,4.92,6.43,13.16,7.64,8.51,10.56,30.0,32.44,13.88,32.66,0.65
534,EMPRESA00274,MILHO,8.7,723.07,2.95,6.43,5.75,14.38,9.49,6.39,5.79,16.47,10.79,5.39,90.73,0.55
535,EMPRESA00230,MILHO,3.05,17066.77,1.27,6.92,9.74,8.12,1.47,7.71,13.81,39.19,11.85,13.86,93.72,0.6
536,EMPRESA00472,CANA_ACUCAR,6.54,29939.57,9.89,8.85,9.82,5.91,8.18,9.83,17.48,22.1,35.98,7.96,7.45,0.65
537,EMPRESA00017,CANA_ACUCAR,6.36,25473.77,4.27,3.11,6.83,9.14,9.55,3.69,2.69,24.49,22.93,6.46,35.52,0.46
538,EMPRESA00392,TRIGO,6.84,14284.67,6.64,4.81,2.87,3.04,4.41,5.3,10.58,31.88,19.29,11.37,30.64,0.49
539,EMPRESA00418,CANA_ACUCAR,9.71,24605.98,8.79,4.11,7.26,6.81,1.95,5.01,8.29,24.68,17.14,16.28,81.11,0.61
540,EMPRESA00478,SOJA,4.57,8724.63,3.85,2.24,8.4,3.05,7.51,2.69,8.22,23.5,22.16,15.68,88.28,0.52
541,EMPRESA00390,MILHO,8.38,391.27,9.91,6.78,3.64,14.43,1.61,7.65,4.83,28.0,24.57,5.1,42.79,0.62
542,EMPRESA00410,SOJA,9.4,17036.6,4.15,5.83,8.84,14.15,8.58,2.86,2.51,16.46,33.53,12.7,88.09,0.62
543,EMPRESA00128,CANA_ACUCAR,6.19,28858.88,9.71,2.05,4.09,13.59,4.83,4.53,16.16,11.12,33.17,14.48,74.38,0.71
544,EMPRESA00098,CANA_ACUCAR,4.85,22786.92,5.34,2.14,7.36,5.36,5.84,3.43,16.21,30.72,34.9,15.29,56.3,0.62
545,EMPRESA00445,MILHO,8.35,15782.08,3.59,1.03,5.89,14.43,7.64,5.91,5.54,24.14,25.55,19.3,62.57,0.58
546,EMPRESA00489,TRIGO,5.81,26913.68,1.38,5.08,3.19,4.35,2.46,2.43,1.7,22.48,33.48,5.15,5.65,0.32
547,EMPRESA00454,TRIGO,6.19,9813.66,9.21,7.22,8.64,13.53,2.48,9.87,6.15,18.5,28.74,10.82,59.58,0.65
548,EMPRESA00004,CANA_ACUCAR,9.23,2267.95,8.14,3.13,9.41,5.04,3.34,1.81,3.66,33.04,15.72,13.67,73.2,0.56
549,EMPRESA00094,TRIGO,5.3,12147.11,4.03,5.42,4.22,12.14,9.29,9.76,11.89,25.75,12.25,15.84,47.43,0.56
550,EMPRESA00441,TRIGO,7.78,16983.88,9.47,3.95,8.72,10.59,9.76,9.09,10.31,21.6,11.79,13.98,5.59,0.54
551,EMPRESA00209,CANA_ACUCAR,7.4,13921.51,8.13,4.86,3.88,4.83,5.67,9.9,15.6,24.11,32.51,17.87,91.89,0.71
552,EMPRESA00383,SOJA,4.28,15384.69,2.74,6.25,8.0,3.21,1.97,8.42,7.76,26.56,35.56,16.54,43.09,0.49
553,EMPRESA00060,TRIGO,5.89,15466.77,4.23,2.53,3.93,11.64,1.22,3.63,6.48,23.23,19.42,9.88,7.96,0.42
554,EMPRESA00232,MILHO,4.51,13540.37,3.03,2.48,4.83,5.2,4.63,3.02,3.59,19.17,24.24,12.98,50.87,0.41
555,EMPRESA00246,SOJA,6.29,17717.12,5.05,4.74,7.57,4.98,4.85,5.69,12.97,18.23,14.86,9.57,49.18,0.48
556,EMPRESA00139,SOJA,9.79,17177.45,1.55,6.83,4.5,8.31,3.2,4.79,13.21,25.97,18.1,16.62,40.4,0.5
557,EMPRESA00262,MILHO,2.38,2647.41,6.2,1.75,9.37,6.86,4.61,7.88,9.01,36.9,16.74,11.66,63.47,0.57
558,EMPRESA00319,MILHO,6.45,20233.62,5.42,4.6,7.67,11.23,4.03,3.61,5.69,17.07,24.55,14.96,65.88,0.55
559,EMPRESA00324,MILHO,2.32,18630.8,5.81,7.08,5.03,3.75,5.16,5.32,10.4,26.48,30.17,7.65,39.32,0.51
560,EMPRESA00446,MILHO,5.88,22098.23,1.79,3.57,6.96,12.66,5.33,4.22,17.75,26.95,14.29,17.98,59.09,0.58
561,EMPRESA00264,SOJA,8.83,18110.52,3.69,7.66,3.55,8.43,7.2,2.94,11.39,23.73,37.49,5.19,16.14,0.52
562,EMPRESA00079,CANA_ACUCAR,6.2,26904.97,2.09,6.54,9.87,8.24,4.64,7.3,3.37,12.64,18.73,12.17,91.59,0.48
563,EMPRESA00157,TRIGO,8.89,18124.54,1.71,8.92,3.36,3.41,6.58,9.83,15.33,16.23,34.55,12.79,63.07,0.55
564,EMPRESA00479,CANA_ACUCAR,9.59,15945.34,7.19,3.09,4.64,10.31,8.89,3.72,9.32,19.4,13.63,11.65,59.52,0.56
565,EMPRESA00185,SOJA,8.29,9469.91,9.63,4.9,9.45,4.03,3.2,8.83,16.39,11.29,24.0,11.73,67.35,0.61
566,EMPRESA00391,SOJA,9.12,13019.27,9.69,5.45,8.58,4.47,6.24,1.68,6.59,22.7,10.48,9.94,27.24,0.46
567,EMPRESA00048,TRIGO,9.21,21281.03,5.73,5.13,3.38,12.42,6.36,7.14,4.2,28.71,31.72,7.19,80.6,0.64
568,EMPRESA00419,MILHO,5.7,22537.26,1.5,4.81,8.65,7.13,4.34,6.09,16.83,16.08,15.24,11.22,31.54,0.45
569,EMPRESA00328,TRIGO,7.81,24789.66,1.78,6.38,3.63,13.98,9.3,1.37,19.35,17.79,34.5,15.13,33.34,0.6
570,EMPRESA00167,CANA_ACUCAR,4.92,14707.86,6.43,8.45,4.1,4.67,3.56,1.48,10.4,20.7,36.11,19.83,31.93,0.53
571,EMPRESA00176,MILHO,3.86,2413.13,5.5,8.43,9.72,7.09,4.31,3.57,1.29,29.85,24.89,5.02,25.94,0.46
572,EMPRESA00042,SOJA,9.3,25733.88,5.88,9.99,3.0,11.58,6.86,5.27,17.7,17.37,39.71,6.59,84.6,0.73
573,EMPRESA00036,CANA_ACUCAR,9.64,8893.18,7.99,6.22,5.71,11.26,2.73,9.75,13.87,25.34,38.49,6.81,92.45,0.77
574,EMPRESA00121,MILHO,7.15,22404.37,3.23,2.14,6.45,4.1,6.13,7.3,2.41,38.44,18.25,5.56,55.02,0.46
575,EMPRESA00340,TRIGO,6.22,15704.49,2.16,5.85,2.77,9.33,9.23,2.89,5.76,34.88,13.26,6.16,65.79,0.5
576,EMPRESA00133,MILHO,3.05,9091.44,8.5,4.99,8.24,2.99,1.44,1.89,2.64,19.46,35.4,9.91,60.67,0.5
577,EMPRESA00334,TRIGO,8.83,3550.54,6.18,2.67,8.93,10.81,2.33,2.15,17.53,32.03,38.16,18.25,69.01,0.74
578,EMPRESA00024,CANA_ACUCAR,4.46,12281.73,8.82,9.65,7.44,5.67,2.58,9.85,2.01,17.08,38.16,13.44,34.98,0.54
579,EMPRESA00241,MILHO,8.56,28129.43,8.52,5.37,6.0,3.2,5.87,8.56,10.19,17.51,18.27,18.74,59.43,0.54
580,EMPRESA00142,MILHO,4.97,27834.39,4.72,4.97,5.59,8.09,1.26,5.48,6.77,33.52,23.05,15.51,45.27,0.52
581,EMPRESA00191,MILHO,5.31,13084.6,1.06,2.2,5.93,2.56,4.03,4.35,4.51,38.17,35.38,9.26,33.81,0.44
582,EMPRESA00316,MILHO,9.84,28778.39,4.18,1.17,9.95,10.9,7.05,9.31,6.2,14.13,28.01,16.84,93.56,0.61
583,EMPRESA00083,TRIGO,7.3,4616.94,8.11,5.75,5.99,12.68,8.35,8.91,13.87,15.55,20.13,14.94,41.5,0.62
584,EMPRESA00046,TRIGO,5.35,27900.02,9.45,2.94,3.8,14.39,5.87,5.31,4.99,37.58,18.42,6.47,9.63,0.56
585,EMPRESA00211,CANA_ACUCAR,7.01,25407.74,3.63,3.34,6.7,13.33,7.85,3.24,15.05,35.97,36.13,12.65,9.03,0.61
586,EMPRESA00204,MILHO,7.3,24603.56,5.78,5.52,5.68,6.55,9.12,3.79,3.59,39.76,30.27,19.22,88.71,0.65
587,EMPRESA00067,CANA_ACUCAR,7.28,18835.92,1.77,9.73,3.92,3.95,2.61,2.94,6.32,21.06,23.78,5.19,40.65,0.39
588,EMPRESA00266,SOJA,8.55,616.82,2.73,3.78,9.37,14.08,3.44,1.54,3.01,22.6,28.98,5.5,6.91,0.44
589,EMPRESA00345,CANA_ACUCAR,5.3,28879.41,1.44,4.62,6.31,12.94,3.34,2.56,5.3,16.64,30.82,8.78,28.73,0.44
590,EMPRESA00394,CANA_ACUCAR,8.32,2943.04,2.2,9.84,6.34,4.31,7.65,2.15,14.11,37.98,32.72,5.89,75.45,0.61
591,EMPRESA00477,MILHO,9.08,13330.7,4.47,6.04,3.3,3.59,3.98,3.67,7.7,31.99,28.6,18.39,39.42,0.5
592,EMPRESA00050,CANA_ACUCAR,8.86,14342.88,7.13,3.35,6.56,9.5,6.76,4.24,10.59,30.13,30.41,9.32,23.33,0.59
593,EMPRESA00316,SOJA,6.19,15254.67,3.5,3.96,7.64,12.09,6.23,7.35,7.96,15.25,25.05,14.0,25.72,0.49
594,EMPRESA00179,SOJA,4.56,7764.67,6.81,7.17,9.88,12.67,7.09,6.73,8.84,34.55,17.6,19.23,78.77,0.69
595,EMPRESA00483,MILHO,7.41,17682.1,7.78,4.31,7.01,3.38,6.97,4.39,6.75,23.99,24.48,19.04,45.88,0.52
596,EMPRESA00418,TRIGO,7.78,27507.12,7.68,6.24,9.56,2.66,4.98,5.97,16.5,17.15,35.77,11.81,91.67,0.67
597,EMPRESA00054,SOJA,8.24,8255.39,4.16,2.26,7.3,12.08,3.94,4.84,12.02,10.15,38.37,11.79,49.24,0.57
598,EMPRESA00228,SOJA,8.64,26308.82,1.77,2.67,3.23,10.05,7.57,3.86,16.54,14.57,34.91,10.05,93.22,0.62
599,EMPRESA00026,MILHO,3.97,11585.49,1.37,3.07,6.06,2.72,6.22,2.14,12.8,11.52,36.84,6.29,20.14,0.39
600,EMPRESA00472,TRIGO,5.22,13057.49,5.21,9.86,7.59,2.9,7.42,8.64,17.14,34.25,31.64,18.25,10.83,0.58
601,EMPRESA00321,CANA_ACUCAR,8.26,25344.78,7.78,9.09,5.66,14.62,9.06,7.96,3.21,11.25,13.91,10.59,47.03,0.54
602,EMPRESA00083,MILHO,9.26,23323.55,1.57,3.97,8.83,3.34,9.62,4.35,18.55,22.87,18.13,13.52,39.65,0.49
603,EMPRESA00285,TRIGO,6.59,26601.76,7.85,4.12,9.75,4.09,2.31,7.13,1.72,16.0,39.66,5.12,35.48,0.48
604,EMPRESA00141,TRIGO,8.47,10400.91,9.03,5.78,6.39,4.5,1.02,7.42,19.25,17.59,32.61,6.32,31.99,0.6
605,EMPRESA00385,TRIGO,7.47,2737.77,1.59,9.44,4.46,13.59,5.47,7.93,14.69,22.59,38.17,8.06,91.48,0.7
606,EMPRESA00475,TRIGO,7.22,22299.6,9.68,6.6,4.45,13.83,8.65,7.78,10.91,25.33,13.84,13.45,9.81,0.58
607,EMPRESA00197,SOJA,5.45,22094.34,9.41,2.03,3.22,12.48,5.38,5.41,6.83,27.16,34.37,6.58,61.86,0.66
608,EMPRESA00098,TRIGO,9.6,5857.89,5.01,3.71,7.27,14.46,6.38,4.44,14.35,11.93,39.86,5.75,48.12,0.64
609,EMPRESA00431,MILHO,3.1,16547.36,9.59,1.98,3.9,9.73,1.64,3.15,16.82,26.95,11.26,5.16,29.87,0.55
610,EMPRESA00449,CANA_ACUCAR,7.37,17233.29,7.15,5.44,3.39,12.93,4.39,8.66,18.55,13.93,14.01,5.98,77.68,0.64
611,EMPRESA00069,MILHO,6.73,16388.69,9.32,2.68,7.25,12.87,8.6,8.35,1.46,10.96,14.04,19.65,29.8,0.5
612,EMPRESA00093,MILHO,9.49,2116.13,5.25,5.46,2.39,4.85,5.0,8.39,8.82,35.97,37.48,13.57,49.49,0.6
613,EMPRESA00254,SOJA,7.78,14585.91,6.37,7.24,6.81,3.64,6.44,8.21,13.55,26.73,11.96,8.28,75.94,0.57
614,EMPRESA00411,SOJA,8.31,2586.09,5.67,3.36,5.32,6.44,5.48,3.55,6.41,20.99,29.14,12.57,71.21,0.55
615,EMPRESA00081,MILHO,4.55,28100.71,7.71,7.57,8.32,5.41,7.33,4.28,7.39,11.58,39.61,9.81,40.75,0.54
616,EMPRESA00333,TRIGO,5.41,9887.98,1.64,5.75,5.59,14.32,3.62,7.1,14.64,11.24,18.06,5.51,98.28,0.59
617,EMPRESA00233,MILHO,4.6,24140.48,6.04,9.28,8.61,6.69,2.09,3.18,6.66,26.77,30.56,9.2,43.58,0.53
618,EMPRESA00247,SOJA,8.88,1878.28,6.3,2.08,3.82,3.71,5.71,6.19,15.61,35.81,17.67,19.2,25.84,0.54
619,EMPRESA00332,SOJA,8.56,20028.76,5.68,3.94,5.76,12.54,8.27,7.51,7.57,24.98,30.06,11.87,47.96,0.61
620,EMPRESA00339,SOJA,4.82,7613.25,2.5,4.57,5.72,3.08,8.38,7.97,12.76,34.23,35.94,10.14,16.01,0.5
621,EMPRESA00165,TRIGO,7.55,3327.31,5.52,7.18,5.02,13.04,7.99,2.11,11.48,13.1,23.42,9.27,70.22,0.6
622,EMPRESA00472,CANA_ACUCAR,6.06,11040.84,9.68,4.34,5.51,10.42,8.28,8.26,1.78,25.66,19.74,11.94,9.18,0.52
623,EMPRESA00234,SOJA,4.3,23362.37,9.94,3.63,9.3,3.38,4.89,1.56,15.27,27.91,22.18,18.92,44.71,0.59
624,EMPRESA00429,TRIGO,7.77,15219.93,4.64,2.55,8.26,3.33,3.88,3.63,11.17,20.86,24.56,8.05,32.11,0.45
625,EMPRESA00069,TRIGO,9.89,3493.33,4.31,6.2,8.83,13.13,2.37,2.69,14.89,39.07,17.13,6.84,77.68,0.68
626,EMPRESA00411,TRIGO,8.65,7127.04,3.3,5.84,4.71,8.55,2.72,6.87,8.35,32.38,22.66,8.11,16.21,0.47
627,EMPRESA00186,SOJA,4.39,7490.91,6.83,6.77,4.17,7.32,4.85,5.09,9.47,22.05,24.74,10.26,52.78,0.54
628,EMPRESA00102,CANA_ACUCAR,9.04,20318.86,4.07,3.31,7.7,4.19,9.76,3.66,8.55,29.93,17.1,10.74,35.8,0.47
629,EMPRESA00279,SOJA,7.85,5028.58,6.59,2.75,9.45,13.91,5.94,8.52,1.88,20.04,24.73,8.72,8.89,0.49
630,EMPRESA00460,TRIGO,7.97,13308.29,9.3,3.48,4.96,13.04,4.86,7.46,8.88,39.51,28.0,17.69,8.48,0.64
631,EMPRESA00497,TRIGO,6.61,25239.75,1.54,9.53,3.7,12.68,2.4,3.23,11.61,31.79,27.51,13.66,56.28,0.59
632,EMPRESA00166,TRIGO,7.05,9605.29,1.45,5.79,2.11,14.09,8.55,5.67,3.4,19.54,10.45,18.34,82.09,0.5
633,EMPRESA00215,CANA_ACUCAR,5.52,24492.97,1.04,8.12,8.86,13.98,1.4,2.45,4.21,39.8,29.76,13.51,19.63,0.51
634,EMPRESA00491,MILHO,2.99,8235.35,7.71,4.11,2.48,14.1,8.07,8.34,2.31,29.67,25.96,6.83,30.59,0.56
635,EMPRESA00087,SOJA,4.39,10740.62,3.17,8.65,8.43,9.73,3.9,6.59,14.6,26.91,18.76,19.56,30.85,0.54
636,EMPRESA00149,MILHO,6.73,24880.37,3.86,9.27,7.35,14.38,7.55,7.36,19.26,14.19,38.62,19.32,25.13,0.66
637,EMPRESA00017,TRIGO,7.68,17743.26,1.72,5.45,6.42,2.93,3.28,6.85,14.39,19.51,35.57,10.17,36.07,0.48
638,EMPRESA00060,CANA_ACUCAR,6.31,2437.08,5.82,2.56,5.9,14.17,3.79,4.85,4.5,36.65,20.38,18.82,27.47,0.56
639,EMPRESA00110,CANA_ACUCAR,9.2,4791.01,5.61,6.11,6.89,11.58,1.01,8.04,9.58,21.07,35.46,8.59,51.6,0.61
640,EMPRESA00220,CANA_ACUCAR,5.53,17272.9,7.24,7.75,9.08,6.77,8.52,7.52,5.74,23.12,21.68,7.2,65.44,0.57
641,EMPRESA00380,TRIGO,8.51,15597.39,7.36,9.77,3.96,5.69,5.81,8.89,5.35,24.59,10.39,13.48,68.25,0.53
642,EMPRESA00287,TRIGO,9.53,17645.32,5.67,8.58,8.29,4.63,3.64,3.54,17.49,28.97,18.12,16.2,76.66,0.63
643,EMPRESA00463,TRIGO,6.51,27356.46,1.78,3.41,5.75,4.3,7.78,4.98,16.81,24.3,17.75,19.46,14.74,0.44
644,EMPRESA00239,SOJA,4.34,24988.72,7.02,8.07,8.79,6.41,3.62,1.45,5.69,24.47,39.55,6.32,7.01,0.49
645,EMPRESA00220,TRIGO,9.75,25079.94,3.47,6.1,7.73,3.36,8.75,5.28,15.52,34.19,27.04,16.52,18.67,0.54
646,EMPRESA00490,SOJA,4.54,14946.3,2.42,8.29,7.7,5.9,2.18,3.08,17.59,13.65,29.38,13.5,97.06,0.59
647,EMPRESA00085,MILHO,9.19,4624.01,6.09,7.35,8.53,11.34,3.01,5.58,2.28,20.93,16.71,15.52,68.77,0.55
648,EMPRESA00244,SOJA,6.98,17244.33,4.36,4.55,7.2,9.33,4.82,7.97,17.07,35.78,12.68,13.54,43.57,0.59
649,EMPRESA00475,TRIGO,9.3,16552.27,7.07,8.21,8.86,13.93,9.92,4.97,5.92,37.63,19.12,19.46,83.56,0.72
650,EMPRESA00174,CANA_ACUCAR,9.05,12621.7,8.97,9.37,4.03,13.17,8.92,4.95,13.43,30.53,33.19,17.85,61.18,0.77
651,EMPRESA00213,SOJA,7.31,9137.52,5.03,3.67,5.14,9.19,9.0,2.96,1.18,29.82,30.62,16.96,83.31,0.59
652,EMPRESA00011,CANA_ACUCAR,6.78,29579.46,5.26,6.86,7.06,4.86,5.98,6.91,14.6,35.21,18.52,8.93,94.51,0.64
653,EMPRESA00113,CANA_ACUCAR,8.96,24892.97,5.5,3.3,4.83,6.55,5.53,5.25,8.76,18.0,34.49,5.64,55.25,0.54
654,EMPRESA00180,CANA_ACUCAR,4.58,23656.96,7.5,5.74,5.28,5.91,7.28,7.14,9.07,29.64,28.78,15.49,45.19,0.59
655,EMPRESA00057,SOJA,8.13,24617.29,2.2,4.37,9.51,7.89,9.35,1.51,9.32,30.43,15.35,14.9,23.12,0.46
656,EMPRESA00119,CANA_ACUCAR,5.41,27006.77,1.63,7.79,9.59,11.27,2.95,3.94,13.9,36.34,24.66,10.64,99.41,0.66
657,EMPRESA00039,MILHO,2.55,9028.22,1.8,6.71,3.36,7.9,9.8,1.42,2.64,27.54,22.66,13.41,50.56,0.44
658,EMPRESA00456,MILHO,8.79,195.69,2.39,3.75,3.34,2.03,3.39,8.49,17.03,29.66,14.68,17.33,97.34,0.57
659,EMPRESA00305,SOJA,8.54,6802.62,6.6,7.28,9.24,3.0,7.12,9.86,18.97,30.63,32.92,6.5,69.07,0.69
660,EMPRESA00331,SOJA,6.76,29274.28,9.98,2.33,5.51,9.25,5.95,1.17,5.5,32.05,35.24,15.37,74.76,0.68
661,EMPRESA00337,SOJA,5.07,17932.02,1.54,8.99,6.6,6.39,4.54,5.13,8.87,28.79,16.38,7.1,31.68,0.43
662,EMPRESA00254,CANA_ACUCAR,5.14,2638.16,6.74,5.1,8.02,7.32,7.79,3.59,10.93,14.72,32.98,10.54,54.08,0.57
663,EMPRESA00485,CANA_ACUCAR,9.82,1727.73,7.66,3.07,3.9,5.9,6.06,9.96,14.98,35.6,24.06,18.53,61.38,0.67
664,EMPRESA00027,MILHO,3.23,23482.81,6.69,3.86,3.97,8.34,5.34,8.68,9.36,18.49,32.37,7.18,67.26,0.58
665,EMPRESA00080,TRIGO,9.12,27477.35,5.76,6.74,2.51,14.15,6.35,9.61,16.57,15.69,30.28,16.35,52.07,0.67
666,EMPRESA00463,MILHO,6.37,6985.82,7.97,1.83,9.23,14.26,6.52,3.19,8.24,31.35,12.5,16.32,38.85,0.59
667,EMPRESA00004,TRIGO,7.82,18836.81,4.34,4.03,3.19,2.82,9.73,2.98,10.14,23.37,18.36,10.35,25.97,0.42
668,EMPRESA00221,CANA_ACUCAR,6.1,22190.54,2.56,7.97,5.16,5.19,9.21,3.35,12.33,23.07,35.98,16.04,91.77,0.61
669,EMPRESA00082,TRIGO,5.8,5017.81,9.25,4.69,9.84,3.75,9.92,3.31,9.07,10.82,13.28,6.94,20.64,0.43
670,EMPRESA00287,MILHO,2.87,13608.94,7.66,3.19,5.25,5.32,4.15,3.04,4.39,28.03,12.38,15.3,33.01,0.44
671,EMPRESA00368,MILHO,6.53,28906.27,4.93,6.4,4.32,6.64,4.78,6.11,7.09,33.65,19.79,18.09,40.03,0.52
672,EMPRESA00385,CANA_ACUCAR,4.75,4533.4,7.24,6.26,5.49,13.84,2.73,3.73,12.59,38.62,27.73,17.52,81.46,0.74
673,EMPRESA00469,MILHO,3.6,23406.14,5.78,8.48,2.07,5.71,9.38,3.32,2.26,33.43,21.98,18.99,77.45,0.55
674,EMPRESA00210,SOJA,8.84,22594.53,1.7,7.92,3.71,3.4,4.31,3.25,16.55,37.81,35.61,16.15,50.2,0.59
675,EMPRESA00070,TRIGO,9.15,22490.54,4.25,8.21,3.6,5.99,5.14,9.04,4.07,36.66,23.66,6.31,62.97,0.54
676,EMPRESA00327,MILHO,4.35,22317.59,3.89,1.92,7.59,7.67,7.0,9.95,15.56,12.46,26.67,10.8,91.23,0.6
677,EMPRESA00173,MILHO,7.91,12383.23,8.79,1.45,6.53,12.36,5.11,1.91,17.36,35.19,20.04,11.9,49.68,0.69
678,EMPRESA00096,MILHO,4.18,12255.95,9.0,7.07,2.99,3.94,8.56,2.71,15.18,19.65,39.61,19.43,96.86,0.71
679,EMPRESA00241,CANA_ACUCAR,6.81,7741.5,4.54,9.67,5.32,9.69,9.86,8.07,1.15,11.3,10.68,6.04,29.71,0.39
680,EMPRESA00220,TRIGO,9.11,4692.83,3.08,6.32,8.29,13.99,7.02,7.07,7.55,26.6,23.08,14.53,77.04,0.63
681,EMPRESA00040,TRIGO,8.0,23329.76,7.44,7.76,6.52,9.42,2.45,6.43,16.93,22.77,32.86,17.54,37.73,0.65
682,EMPRESA00138,MILHO,7.7,7782.62,7.21,4.01,9.67,2.23,5.89,1.72,3.99,34.93,20.77,9.49,61.69,0.52
683,EMPRESA00410,TRIGO,8.65,21426.27,1.52,8.8,7.61,5.04,2.17,7.49,3.78,20.58,16.38,16.0,43.87,0.4
684,EMPRESA00134,TRIGO,5.87,5741.14,2.86,8.11,2.11,8.24,2.52,7.73,2.86,20.54,17.82,19.11,11.84,0.37
685,EMPRESA00413,MILHO,2.21,20585.14,6.58,1.95,4.64,10.76,2.08,9.68,10.06,36.77,36.8,6.45,27.2,0.61
686,EMPRESA00290,CANA_ACUCAR,5.25,7428.14,2.79,3.04,9.53,4.63,5.27,3.01,8.9,28.66,31.09,9.27,96.63,0.57
687,EMPRESA00281,MILHO,9.82,4566.58,9.1,7.09,8.52,10.46,6.3,7.59,2.91,18.06,15.78,6.88,37.87,0.52
688,EMPRESA00056,SOJA,8.54,21485.43,9.3,4.55,9.74,5.62,2.44,2.72,11.71,16.6,35.0,12.89,57.6,0.61
689,EMPRESA00407,TRIGO,7.86,26969.71,9.96,9.22,3.97,9.84,3.68,3.52,12.89,36.59,14.88,17.35,58.49,0.67
690,EMPRESA00248,SOJA,4.2,29576.28,4.01,6.88,8.66,5.09,1.94,6.68,10.64,23.79,20.67,10.98,54.11,0.5
691,EMPRESA00154,TRIGO,6.77,22119.39,8.16,9.09,6.13,10.96,7.21,5.84,16.23,31.33,33.19,8.34,44.03,0.71
692,EMPRESA00208,SOJA,4.42,26772.01,5.23,6.86,4.33,9.14,6.59,3.52,9.81,24.45,29.7,11.2,25.72,0.52
693,EMPRESA00122,CANA_ACUCAR,5.94,7997.62,6.4,9.38,4.9,10.72,2.52,7.05,11.58,35.4,11.78,9.68,42.53,0.58
694,EMPRESA00315,TRIGO,7.99,29055.1,8.04,6.47,4.12,12.13,9.15,6.48,4.55,24.89,14.51,7.55,27.95,0.52
695,EMPRESA00442,CANA_ACUCAR,8.61,6565.4,7.71,8.96,7.95,5.94,6.19,4.54,12.43,21.06,34.55,13.06,95.49,0.7
696,EMPRESA00434,SOJA,9.88,11214.76,9.34,8.9,8.08,10.76,4.62,3.32,9.05,28.06,38.33,9.05,77.71,0.74
697,EMPRESA00069,SOJA,4.51,25359.3,3.81,8.27,8.45,4.39,9.34,4.82,13.79,23.61,10.51,14.3,42.08,0.48
698,EMPRESA00445,CANA_ACUCAR,9.3,11076.18,2.35,6.05,8.77,8.65,3.51,2.51,1.72,32.66,34.51,9.89,87.18,0.57
699,EMPRESA00096,TRIGO,9.74,2487.41,3.83,8.36,5.18,10.88,6.48,4.0,1.76,24.92,19.14,11.32,94.18,0.56
700,EMPRESA00369,SOJA,5.69,8970.22,7.25,4.42,7.64,12.35,7.56,9.38,8.59,16.33,38.75,16.15,85.89,0.7
701,EMPRESA00446,TRIGO,7.15,6436.59,3.31,7.74,8.26,13.86,8.51,2.07,9.79,30.65,20.3,9.5,38.99,0.57
702,EMPRESA00401,MILHO,5.11,20504.84,6.16,3.39,5.4,2.46,1.14,4.95,16.21,20.71,28.77,6.0,49.74,0.52
703,EMPRESA00370,MILHO,3.52,21993.48,1.67,7.31,5.92,12.97,1.71,1.17,11.58,11.25,19.21,6.27,77.31,0.5
704,EMPRESA00126,MILHO,8.18,11798.27,4.08,3.73,4.39,7.94,6.39,8.11,10.22,22.96,12.54,8.48,71.28,0.52
705,EMPRESA00265,TRIGO,8.69,18638.84,9.26,9.79,9.71,10.78,2.14,1.39,13.11,15.74,33.62,17.45,66.36,0.69
706,EMPRESA00141,CANA_ACUCAR,8.27,10117.54,8.97,9.65,4.35,11.64,8.97,3.27,10.33,12.82,25.07,12.85,6.4,0.55
707,EMPRESA00310,MILHO,9.93,3700.03,1.28,8.45,9.08,5.86,1.03,4.64,16.08,18.18,13.14,18.79,35.78,0.45
708,EMPRESA00212,SOJA,7.97,7093.52,5.03,3.74,3.35,12.22,1.13,5.24,1.84,35.85,37.14,13.72,35.23,0.57
709,EMPRESA00157,TRIGO,5.82,7018.5,8.42,4.67,5.47,4.62,8.15,5.72,2.25,24.62,38.98,11.81,6.08,0.49
710,EMPRESA00034,SOJA,5.87,4737.78,1.91,9.09,9.7,13.55,7.15,3.36,1.25,37.43,33.39,14.36,92.36,0.65
711,EMPRESA00341,SOJA,6.89,21202.55,5.78,8.44,7.99,4.97,8.84,1.43,4.79,18.45,39.4,11.63,81.72,0.58
712,EMPRESA00306,TRIGO,9.38,14678.8,1.42,8.17,4.76,3.0,7.99,4.76,7.03,18.8,37.45,5.88,64.12,0.49
713,EMPRESA00494,CANA_ACUCAR,8.1,13785.92,9.24,5.1,4.12,13.15,4.74,4.26,14.19,35.2,33.32,18.68,21.22,0.7
714,EMPRESA00247,SOJA,5.5,12914.48,4.05,2.87,6.9,4.46,1.34,2.14,9.93,22.07,22.36,15.58,60.33,0.48
715,EMPRESA00154,TRIGO,5.38,14643.81,4.45,7.97,9.47,9.02,4.29,2.06,8.24,27.71,28.77,12.35,26.26,0.52
716,EMPRESA00315,CANA_ACUCAR,6.79,11378.81,7.09,9.47,4.63,3.28,1.75,8.46,16.22,26.07,15.85,17.35,34.09,0.54
717,EMPRESA00259,MILHO,2.77,27618.01,8.23,3.58,3.12,6.29,7.94,5.39,4.27,12.75,26.65,5.04,27.34,0.44
718,EMPRESA00248,TRIGO,7.27,18549.72,7.78,9.29,5.16,10.98,9.9,3.59,10.13,21.7,27.72,17.73,97.04,0.71
719,EMPRESA00110,SOJA,6.94,23733.82,4.04,3.8,7.96,7.93,9.54,1.33,14.36,13.89,24.05,18.26,32.79,0.5
720,EMPRESA00294,SOJA,8.63,19406.82,9.37,9.01,6.12,12.24,8.9,1.28,11.76,19.05,39.7,14.31,57.37,0.71
721,EMPRESA00423,CANA_ACUCAR,5.87,2296.8,1.11,8.94,8.31,4.07,6.43,7.18,7.21,25.09,22.73,11.99,59.21,0.46
722,EMPRESA00208,CANA_ACUCAR,6.28,8522.27,8.59,2.33,4.01,3.89,5.04,9.29,16.17,10.17,23.15,15.79,82.29,0.6
723,EMPRESA00301,CANA_ACUCAR,4.76,6688.18,6.92,2.34,9.5,13.1,1.62,2.5,14.93,12.79,24.06,9.6,81.19,0.63
724,EMPRESA00131,CANA_ACUCAR,5.15,3758.78,4.5,4.57,3.26,6.32,1.05,9.79,10.07,35.91,19.29,16.46,73.54,0.57
725,EMPRESA00366,CANA_ACUCAR,9.95,27195.8,1.72,7.48,9.05,11.34,7.77,5.61,2.74,16.24,34.28,9.34,52.55,0.51
726,EMPRESA00036,CANA_ACUCAR,8.13,3132.71,5.0,7.93,3.54,14.08,1.81,1.37,3.95,23.96,34.55,19.86,80.72,0.63
727,EMPRESA00348,CANA_ACUCAR,5.26,5786.37,4.08,7.23,9.62,9.25,5.48,2.38,1.22,34.77,16.27,9.76,93.2,0.56
728,EMPRESA00283,MILHO,7.93,16358.77,1.72,2.5,6.63,6.27,9.73,6.58,17.02,12.52,37.02,18.43,73.31,0.59
729,EMPRESA00250,TRIGO,6.98,14885.36,3.65,2.02,7.2,3.55,7.49,4.9,7.12,34.39,26.04,15.12,49.82,0.51
730,EMPRESA00152,MILHO,8.45,18393.25,8.79,6.24,3.95,11.46,1.25,8.6,1.56,12.29,30.82,5.77,86.01,0.6
731,EMPRESA00458,SOJA,8.38,29959.35,7.18,4.79,5.41,8.92,6.56,5.72,18.85,28.55,32.73,19.74,34.59,0.67
732,EMPRESA00495,MILHO,5.69,18520.23,9.89,3.09,9.51,6.37,5.17,1.98,5.35,37.48,28.07,12.81,46.49,0.61
733,EMPRESA00345,MILHO,5.95,3299.09,8.86,8.16,3.38,13.8,7.63,9.45,17.89,15.36,31.31,14.52,81.38,0.76
734,EMPRESA00468,TRIGO,5.09,1025.08,8.46,7.03,4.94,6.2,9.77,8.3,3.34,20.8,24.79,6.92,14.18,0.47
735,EMPRESA00008,CANA_ACUCAR,5.68,29474.86,4.82,5.72,4.59,10.07,3.94,3.23,17.29,39.19,23.8,19.6,57.3,0.66
736,EMPRESA00277,MILHO,6.59,26093.19,4.09,1.89,5.61,5.0,1.69,2.99,18.39,28.88,27.93,5.62,99.22,0.63
737,EMPRESA00186,SOJA,6.49,22417.65,8.23,2.61,3.82,14.95,9.44,9.92,19.96,23.71,23.77,14.71,22.52,0.68
738,EMPRESA00273,MILHO,4.55,1895.7,2.54,4.41,5.67,4.07,2.56,5.6,12.75,13.19,10.55,15.78,73.45,0.43
739,EMPRESA00439,CANA_ACUCAR,7.91,16651.31,1.99,3.07,9.66,10.38,5.75,9.77,11.41,13.2,18.37,17.79,23.3,0.45
740,EMPRESA00223,TRIGO,9.27,26656.14,9.25,7.59,4.0,13.63,7.38,8.25,14.35,11.09,21.9,8.17,87.01,0.7
741,EMPRESA00473,SOJA,8.34,6512.39,9.79,6.47,7.53,14.28,5.02,5.75,13.56,19.41,24.37,16.25,86.44,0.75
742,EMPRESA00303,MILHO,5.51,16112.04,9.93,2.97,5.93,3.88,5.0,5.24,5.66,27.44,39.08,9.72,97.23,0.66
743,EMPRESA00089,CANA_ACUCAR,8.87,17307.59,8.81,2.11,7.31,6.08,1.22,8.79,18.35,28.84,18.16,5.26,8.55,0.56
744,EMPRESA00403,MILHO,5.71,29165.08,5.76,3.88,9.89,2.35,3.03,9.88,16.72,38.8,10.19,14.51,27.34,0.52
745,EMPRESA00396,CANA_ACUCAR,7.24,14764.57,5.43,2.84,6.08,12.06,6.77,6.87,17.18,36.03,21.32,10.15,94.26,0.73
746,EMPRESA00370,TRIGO,7.05,24453.16,1.52,3.09,2.8,6.52,6.09,7.26,15.59,33.41,27.58,15.1,53.55,0.56
747,EMPRESA00416,SOJA,6.62,26477.54,1.88,5.78,4.47,5.95,4.13,7.65,8.28,25.85,39.78,13.11,38.2,0.51
748,EMPRESA00477,CANA_ACUCAR,6.34,25912.84,2.21,4.81,7.27,9.91,6.41,5.83,7.61,17.37,16.37,14.87,43.21,0.45
749,EMPRESA00461,SOJA,4.16,13214.46,5.79,4.27,7.66,6.71,8.0,5.71,1.89,19.23,18.09,14.0,72.61,0.49
750,EMPRESA00498,MILHO,6.67,21395.27,5.77,5.71,5.65,14.54,2.34,2.26,7.33,26.64,11.61,9.99,64.76,0.56
751,EMPRESA00276,TRIGO,8.49,24.4,7.78,8.92,4.82,10.32,8.83,1.02,7.75,33.5,28.57,8.94,14.92,0.58
752,EMPRESA00170,TRIGO,7.13,26668.52,2.52,4.89,8.15,9.21,1.38,2.42,3.27,30.65,15.35,19.82,98.6,0.54
753,EMPRESA00347,SOJA,6.06,9093.14,4.52,8.34,8.54,10.09,2.3,9.14,11.28,18.45,30.01,5.87,21.62,0.52
754,EMPRESA00055,MILHO,2.38,5787.09,4.35,8.33,4.12,11.5,1.61,4.87,19.36,32.38,34.66,12.93,53.69,0.68
755,EMPRESA00278,TRIGO,8.76,20377.8,3.94,9.7,9.49,5.02,7.33,4.06,11.99,24.11,18.23,13.41,87.21,0.58
756,EMPRESA00427,CANA_ACUCAR,9.93,11671.34,3.98,9.32,4.8,6.68,1.37,3.25,18.27,14.2,24.89,13.74,66.42,0.56
757,EMPRESA00499,CANA_ACUCAR,6.29,8046.43,5.81,5.84,4.62,10.03,6.32,4.21,1.99,37.7,17.59,10.25,66.19,0.56
758,EMPRESA00045,CANA_ACUCAR,9.77,25574.87,8.74,9.24,5.63,3.57,4.45,1.17,9.45,25.07,11.64,18.38,20.68,0.48
759,EMPRESA00058,MILHO,6.04,7590.0,9.81,6.26,7.63,5.34,8.97,6.36,8.87,15.47,39.03,15.25,45.69,0.61
760,EMPRESA00384,MILHO,4.92,15370.51,3.95,5.37,2.97,10.85,3.32,4.67,13.32,18.46,31.63,15.23,49.82,0.56
761,EMPRESA00297,MILHO,9.43,12700.01,4.99,3.6,8.31,3.33,1.22,5.27,6.88,35.93,17.52,8.69,56.93,0.5
762,EMPRESA00021,CANA_ACUCAR,8.48,2706.14,2.6,2.57,5.66,14.52,8.81,2.91,16.68,18.53,23.89,12.5,82.58,0.63
763,EMPRESA00280,CANA_ACUCAR,6.63,24765.11,2.17,5.08,9.24,10.63,8.85,9.51,4.56,13.31,39.43,12.39,84.63,0.58
764,EMPRESA00290,TRIGO,7.17,17173.96,7.17,6.59,9.53,4.91,1.82,7.01,13.23,33.63,30.5,15.23,75.77,0.67
765,EMPRESA00454,TRIGO,6.89,15707.17,1.17,8.93,9.41,11.31,7.17,3.03,9.3,10.87,29.06,11.52,95.59,0.58
766,EMPRESA00128,MILHO,7.62,17031.87,4.66,9.89,4.76,6.16,1.88,1.71,17.03,37.49,17.84,18.0,66.31,0.62
767,EMPRESA00272,MILHO,5.47,28860.4,8.29,7.19,8.73,5.05,8.9,1.56,14.56,17.66,24.34,16.52,55.3,0.59
768,EMPRESA00195,CANA_ACUCAR,4.8,6252.79,5.91,8.39,6.61,9.74,2.41,1.24,11.79,32.54,18.35,7.18,77.3,0.61
769,EMPRESA00464,TRIGO,9.37,2535.29,1.65,4.37,4.71,3.21,8.49,1.72,5.5,32.56,28.27,15.02,99.78,0.55
770,EMPRESA00281,MILHO,3.88,26244.05,4.8,4.37,5.97,6.49,7.74,3.28,10.96,24.79,18.21,15.97,20.35,0.46
771,EMPRESA00280,SOJA,6.0,20603.36,3.81,3.87,7.01,10.29,4.26,4.41,12.37,28.88,11.53,9.61,76.3,0.57
772,EMPRESA00121,CANA_ACUCAR,9.22,24847.8,7.61,7.57,3.44,10.47,6.68,3.25,18.25,33.43,29.94,7.69,88.9,0.77
773,EMPRESA00302,TRIGO,7.24,25847.16,6.9,2.35,6.92,6.06,8.85,4.49,2.83,14.21,31.91,9.25,65.91,0.52
774,EMPRESA00377,CANA_ACUCAR,8.19,25743.64,8.11,5.61,7.7,3.16,6.31,9.0,9.96,29.46,34.28,13.43,60.92,0.64
775,EMPRESA00207,CANA_ACUCAR,8.98,7470.98,3.82,9.1,6.15,14.26,2.36,8.3,2.19,22.21,33.4,13.29,88.24,0.63
776,EMPRESA00407,TRIGO,5.54,17032.93,3.73,6.03,4.89,4.66,3.25,6.78,17.32,39.72,39.63,7.24,97.34,0.71
777,EMPRESA00375,CANA_ACUCAR,5.2,7484.22,4.08,3.36,5.41,7.38,9.28,1.4,11.2,11.92,29.27,14.65,17.96,0.45
778,EMPRESA00365,MILHO,6.63,11955.92,7.28,1.71,5.21,2.15,8.81,5.0,3.48,37.72,30.13,10.93,56.33,0.55
779,EMPRESA00349,SOJA,5.52,27659.53,1.37,6.95,8.81,12.65,8.61,3.8,1.83,14.44,21.75,6.92,68.64,0.47
780,EMPRESA00068,SOJA,8.69,15970.83,9.05,8.52,3.56,11.23,9.16,2.58,1.22,28.27,22.5,10.95,57.76,0.59
781,EMPRESA00205,CANA_ACUCAR,6.48,4291.2,4.77,7.72,4.01,9.27,3.8,2.33,10.21,30.18,24.93,11.55,71.61,0.59
782,EMPRESA00046,MILHO,9.76,27941.71,5.42,6.42,5.72,11.83,8.68,6.74,7.3,22.48,35.11,9.59,47.71,0.61
783,EMPRESA00200,MILHO,6.39,24326.16,3.3,6.02,5.77,9.51,1.97,3.86,9.19,16.07,22.05,8.11,69.29,0.5
784,EMPRESA00353,CANA_ACUCAR,6.41,17902.97,3.65,8.53,5.02,7.95,7.27,6.95,19.48,17.0,39.25,16.81,78.6,0.67
785,EMPRESA00360,CANA_ACUCAR,9.97,5569.5,2.3,3.77,4.73,14.43,1.66,4.73,13.08,37.09,10.87,10.28,33.01,0.53
786,EMPRESA00087,MILHO,6.81,22450.06,3.82,7.25,8.04,14.14,5.54,3.48,5.29,11.63,27.59,12.24,47.21,0.52
787,EMPRESA00365,SOJA,5.1,22324.78,4.64,6.23,7.96,9.05,9.98,6.33,1.83,10.91,26.11,5.62,11.97,0.4
788,EMPRESA00212,CANA_ACUCAR,6.12,15693.32,3.73,4.71,3.09,7.47,3.31,7.4,13.2,12.63,24.56,11.01,83.01,0.54
789,EMPRESA00112,MILHO,3.99,18357.36,8.87,3.99,8.78,13.17,4.97,4.61,9.25,23.37,19.2,5.7,55.57,0.61
790,EMPRESA00086,CANA_ACUCAR,9.53,228.95,4.41,5.97,5.62,7.6,9.51,5.88,4.33,12.06,26.26,16.45,13.45,0.42
791,EMPRESA00383,CANA_ACUCAR,7.4,16558.06,6.11,8.47,9.87,5.48,7.44,6.83,18.35,34.26,38.63,10.99,11.98,0.64
792,EMPRESA00385,MILHO,4.62,29942.26,4.3,5.68,9.64,2.63,9.42,3.2,3.46,34.74,33.64,13.55,55.19,0.53
793,EMPRESA00057,TRIGO,5.69,26759.4,7.03,8.94,3.34,2.63,3.03,8.14,5.25,33.97,14.28,15.73,84.77,0.55
794,EMPRESA00361,CANA_ACUCAR,9.83,16489.79,6.41,8.69,4.27,7.88,7.82,2.43,11.96,39.0,37.55,18.61,89.28,0.75
795,EMPRESA00054,CANA_ACUCAR,4.99,21193.0,1.36,6.63,4.88,10.55,5.16,2.49,10.14,37.31,34.56,17.3,81.52,0.63
796,EMPRESA00377,MILHO,7.73,8082.05,4.11,9.59,4.64,11.16,5.78,3.79,18.94,12.54,16.07,8.89,31.39,0.52
797,EMPRESA00347,TRIGO,5.72,21692.03,3.66,9.35,3.22,13.71,7.03,5.46,4.67,18.36,18.01,10.33,57.54,0.51
798,EMPRESA00045,MILHO,7.69,25042.48,2.44,8.73,5.3,2.98,5.85,5.17,15.59,18.56,30.63,6.28,33.25,0.48
799,EMPRESA00215,CANA_ACUCAR,5.0,29249.16,3.95,6.86,4.12,12.95,7.59,7.35,18.83,14.37,10.28,10.83,43.71,0.54
